-- MySQL dump 10.11
--
-- Host: localhost    Database: dbTOSN
-- ------------------------------------------------------
-- Server version	5.0.51a-3ubuntu5.4

/*!40101 SET @OLD_CHARACTER_SET_CLIENT=@@CHARACTER_SET_CLIENT */;
/*!40101 SET @OLD_CHARACTER_SET_RESULTS=@@CHARACTER_SET_RESULTS */;
/*!40101 SET @OLD_COLLATION_CONNECTION=@@COLLATION_CONNECTION */;
/*!40101 SET NAMES utf8 */;
/*!40103 SET @OLD_TIME_ZONE=@@TIME_ZONE */;
/*!40103 SET TIME_ZONE='+00:00' */;
/*!40014 SET @OLD_UNIQUE_CHECKS=@@UNIQUE_CHECKS, UNIQUE_CHECKS=0 */;
/*!40014 SET @OLD_FOREIGN_KEY_CHECKS=@@FOREIGN_KEY_CHECKS, FOREIGN_KEY_CHECKS=0 */;
/*!40101 SET @OLD_SQL_MODE=@@SQL_MODE, SQL_MODE='NO_AUTO_VALUE_ON_ZERO' */;
/*!40111 SET @OLD_SQL_NOTES=@@SQL_NOTES, SQL_NOTES=0 */;

--
-- Table structure for table `tblPosts`
--

DROP TABLE IF EXISTS `tblPosts`;
SET @saved_cs_client     = @@character_set_client;
SET character_set_client = utf8;
CREATE TABLE `tblPosts` (
  `id` int(10) NOT NULL auto_increment,
  `name` text,
  `somethingnice` text,
  `moderated` tinyint(1) default NULL,
  `created_date` datetime NOT NULL,
  `session_id` varchar(255) default NULL,
  PRIMARY KEY  (`id`)
) ENGINE=MyISAM AUTO_INCREMENT=133 DEFAULT CHARSET=latin1;
SET character_set_client = @saved_cs_client;

--
-- Dumping data for table `tblPosts`
--

LOCK TABLES `tblPosts` WRITE;
/*!40000 ALTER TABLE `tblPosts` DISABLE KEYS */;
INSERT INTO `tblPosts` VALUES (45,'','\"Mushaboom\" by Feist',1,'2011-07-25 01:33:45','c2698350efd8463adce0067354d3f696'),(44,'','\"Someday\" by the Strokes',1,'2011-07-25 01:30:31','c2698350efd8463adce0067354d3f696'),(46,'James','The first few moments of getting into a hot bath.',1,'2011-07-25 01:35:39','c2698350efd8463adce0067354d3f696'),(47,'','cheese',1,'2011-07-25 01:44:14','7a20ee7ace114601d09b63d9f6fb9fc4'),(48,'','If someone wants to be part of your life, they’ll make an effort to be in it. Don’t bother reserving a space in your heart for someone who doesn’t make an effort to stay.',1,'2011-07-25 03:55:22','7a20ee7ace114601d09b63d9f6fb9fc4'),(49,'','Value the feelings of people who have touched your heart because you will never know when they will just walk out of your life and never come back.',1,'2011-07-25 03:56:51','7a20ee7ace114601d09b63d9f6fb9fc4'),(78,'Jane Mills','The smell of freshly cut grass in spring',1,'2011-07-26 15:02:17','f16157bc64edaf7d91b3062a581687b0'),(51,'','a puppy',1,'2011-07-25 08:27:12','44acfc11143691c55da3b72796cb416e'),(52,'Bob','Today the office fruitbowl has loads of bananas and an avacado?',1,'2011-07-25 09:08:55','29eab4bd0d7b52870c19dacb9736b3fe'),(53,'Charlie Brisker','Kittens playing with string',1,'2011-07-25 09:13:20','bef441bb3abe6e5a1965b5bebb2d7bd2'),(54,'','I love you guys',1,'2011-07-25 10:18:29','7fd17def207263a8557f1eb2508cb813'),(55,'','This site is way better than weheartit ;)',1,'2011-07-25 10:21:29','7fd17def207263a8557f1eb2508cb813'),(56,'Xavier','Babe of the day',1,'2011-07-25 10:23:19','b114e86b16bbd84e4dfd069331d50e55'),(57,'','WOw I like this font',1,'2011-07-25 10:39:56','dad65e3c50101297c1b08514b54e008e'),(58,'Clare','Jamie Oliver\\\'s vegetable jalfrezi bought and eaten at a music festival - what a fantastic perk during a long, hot day! Gotta try it, best curry I\\\'ve ever had!: http://www.jamieoliver.com/recipes/curry-recipes/vegetable-jelfrazi',1,'2011-07-25 10:41:00','0baa4312dc89377c13cdc58d5e9f92de'),(38,'','Quality photo',1,'2011-07-25 00:26:17','c2698350efd8463adce0067354d3f696'),(39,'Bob','Hedgehogs; why can\'t they just share hedges?',1,'2011-07-25 00:29:19','c2698350efd8463adce0067354d3f696'),(40,'','I once helped a man.',1,'2011-07-25 00:32:38','ee4890796df805d963440c483aae341b'),(41,'','Inner peace (or peace of mind) refers to a state of being mentally and spiritually at peace, with enough knowledge and understanding to keep oneself strong in the face of discord or stress.\r\n\r\nToday I am at peace with myself!',1,'2011-07-25 00:34:50','c2698350efd8463adce0067354d3f696'),(59,'','A bunch of flowers.',1,'2011-07-25 11:20:30','72965d9a2205327ba2d75644285c4479'),(60,'22','Bunnies.',1,'2011-07-25 11:54:59','72965d9a2205327ba2d75644285c4479'),(72,'','Hugs',1,'2011-07-25 20:40:47','896473a78d08c065646fbf5271dfe9d6'),(62,'','bacon sandwiches',1,'2011-07-25 13:50:38','eb1fe83ae846ef1827895ee85f407d50'),(63,'Matt','A lovely cup of tea and a sit down',1,'2011-07-25 13:53:19','9c47f05c8da5a4bdda9ad4a7c3986827'),(64,'Nick Prowse','Chocolate Brownies. James Coates had them all! \r\n\r\nhttp://whatscookingamerica.net/Desserts/ChocolateBrownie3.jpg',0,'2011-07-25 13:55:57','006708ea4c929f68aeff0347137da40e'),(65,'Joolz','Harry Buster',1,'2011-07-25 13:58:57','d4d60a6debd692a201fde1b13449199b'),(66,'Mr Matt','Getting into a bed with clean sheets and pillow-cases ',1,'2011-07-25 14:01:34','9c47f05c8da5a4bdda9ad4a7c3986827'),(67,'','Falling asleep with the sun on your back.',1,'2011-07-25 14:18:41','5e9c651db0ecc98d8793ef7130c4f0bb'),(68,'','A giant bap with roast pork, stuffing, cheese, yorkshire pudding, olives, chorizo and spinach.\r\n\r\nYum yum',1,'2011-07-25 17:21:54','cc3e3b734e00cea518f567440cc71f31'),(70,'','aww',1,'2011-07-25 19:40:12','acb265c555a4e45f36ceeb4ec72397e9'),(71,'','Those days where everything just works.',1,'2011-07-25 19:45:16','f18faacdf3b2fa92c4ed845a52079675'),(76,'','Lying in bed with the love of your life',1,'2011-07-26 14:08:44','6bf8516d5eba4c1e37a6acffe3234e45'),(74,'Bob','The probability of a person existing can be worked out by calculating the probability of every event prior to this moment. Every choice made by the generations before us has led to this point in time.\r\n\r\nLife is the nicest and most magical thing I know.',1,'2011-07-26 00:33:19','c2698350efd8463adce0067354d3f696'),(77,'','A big kiss',1,'2011-07-26 14:11:35','6bf8516d5eba4c1e37a6acffe3234e45'),(79,'','cheesy beat sandwiches',1,'2011-07-26 17:15:28','eb8856b63a96f5848fcda8615d1ae709'),(80,'','hot chocolate- a hug in a mug',1,'2011-07-26 17:28:08','f8f84f1114d6a0ec8fe6ef8fbfc75394'),(85,'The 3rd Earl of Bramley','The smell of petrol',0,'2011-07-27 12:25:28','605bceea12aff4e590fcee4a2c7bcab8'),(82,'','mmmmmmm',1,'2011-07-26 23:11:24','1f8918ee2565c8d41d8afd204ffc960e'),(83,'','Ahhhhh, Nice la Belle',1,'2011-07-26 23:17:35','1f8918ee2565c8d41d8afd204ffc960e'),(84,'','When you see a long lost friend for the first time in ages and you just click again',1,'2011-07-26 23:41:36','6bf8516d5eba4c1e37a6acffe3234e45'),(90,'','Dinner with a honey',1,'2011-07-27 22:52:11','6af5152d69c38d8a1e301563a5c840e8'),(91,'','Katy Perry\'s boobs',0,'2011-07-27 23:27:52','24e7d51f47d48b72588e219011048a0b'),(92,'','Seeing your favourite song performed live',1,'2011-07-27 23:32:16','ce251e3e974f09b3c9942226a29d84e2'),(89,'','When other people write you really long emails just to try and get to know you :)',1,'2011-07-27 17:06:31','f66316a73026e07c2b458d00e6a40850'),(93,'','Watching your young children laugh so hard at something that they cry.',1,'2011-07-27 23:32:46','5fa293c136b01acf0a917971df5ceab0'),(94,'Bob','Something I made earlier',1,'2011-07-28 00:43:08','c2698350efd8463adce0067354d3f696'),(95,'','Fruit flies and pork pies',1,'2011-07-28 00:47:20','c2698350efd8463adce0067354d3f696'),(96,'Stuart Kellock','When I sneeze and my daughter can\'t wait to say bless you daddy.',1,'2011-07-28 08:22:31','bc01be5dd497d37c6ccb64dfc23ff149'),(97,'','The warm glow you get when you stop to help someone with a flat tyre and you see the gratitude in their face.',1,'2011-07-28 09:24:20','f36e6bc16b7a96df8066bde6d391867f'),(98,'','The feeling when you wake up in the morning and you have another hour before you have to be awake.',1,'2011-07-28 19:55:13','9164d3a2b6cf66cf0759180d9c917d2b'),(99,'','a silent but deadly fart',0,'2011-07-28 22:22:01','7fe38e0b0278cb6769cc0240e81c2de0'),(100,'Katie S.','Makes my mornings better!',1,'2011-07-28 23:25:17','95d84ade8f1d4de2b31770af1f68768e'),(101,'','Massive Cuddles in giant tents full of pillows, mattresses and duvets with loads of wonky randomers.',1,'2011-07-29 12:06:04','1eeffdd30d428ee39732cac0db0a9487'),(104,'Joolz AKA Mum','Thoughts become things ....choose good ones!!!',1,'2011-07-29 12:41:37','d4d60a6debd692a201fde1b13449199b'),(103,'','fresh bedsheets + the cold side of the pillow. mmm bed. ',1,'2011-07-29 12:09:22','0e6daa3646d936486c347e7e17f4701e'),(105,'James','Switching off your alarm on Friday morning',1,'2011-07-29 18:30:16','a9be0ff6cf24397dfa6a4ba8e0f8c565'),(106,'','Remote control blowjobs',0,'2011-07-30 02:02:26','6af5152d69c38d8a1e301563a5c840e8'),(107,'josep fritzel','locking your kids in the basement and getting away with it for years',0,'2011-07-30 13:29:47','7fe38e0b0278cb6769cc0240e81c2de0'),(108,'','masterbating',0,'2011-07-30 13:30:15','7fe38e0b0278cb6769cc0240e81c2de0'),(109,'','Knowing that someone out there loves you',1,'2011-07-31 17:16:38','9164d3a2b6cf66cf0759180d9c917d2b'),(113,'','Getting into freshly-washed warm bed covers on a cold night',1,'2011-07-31 22:36:05','17387ba3b532dca195cd2e0b796c6d1b'),(114,'','CAKE!',1,'2011-07-31 22:52:48','8eed4cbe1db968c9727a24bc802a015d'),(115,'Dolly','A large glass of wine in front of the fire with the person you love',1,'2011-07-31 23:54:26','17387ba3b532dca195cd2e0b796c6d1b'),(116,'','Puppies!',1,'2011-07-31 23:58:12','5a40aed60450e885408e952a4e1de64d'),(117,'Sophie Larkin','Lying on a beach knowing you look hot in your swimwear (with a cocktail next to you)!',1,'2011-08-01 00:02:21','17387ba3b532dca195cd2e0b796c6d1b'),(118,'','Getting into size 10 jeans without having to roll around on the floor',1,'2011-08-01 00:03:01','17387ba3b532dca195cd2e0b796c6d1b'),(120,'','When your friend invites you around his to watch a film and eat Chinese and he\'s rented your favourite movie, which you only ever mentioned once. ',1,'2011-08-01 00:04:08','5a40aed60450e885408e952a4e1de64d'),(121,'David','Cheesy chips',0,'2011-08-01 00:05:09','17387ba3b532dca195cd2e0b796c6d1b'),(122,'','Being happily drunk enough to imagine your dancing is fantastic!',1,'2011-08-01 00:06:17','17387ba3b532dca195cd2e0b796c6d1b'),(123,'Viv','A day with the family, no time restraints, and an endless supply of wine and chocolate',1,'2011-08-01 00:08:46','17387ba3b532dca195cd2e0b796c6d1b'),(124,'Viv','Your favourite tune coming on the radio when you\'re driving home',1,'2011-08-01 00:10:06','17387ba3b532dca195cd2e0b796c6d1b'),(125,'Phil','The cool, damp smell of an early spring morning',1,'2011-08-01 00:13:41','17387ba3b532dca195cd2e0b796c6d1b'),(126,'Phil','Sex on the beach',0,'2011-08-01 00:14:02','17387ba3b532dca195cd2e0b796c6d1b'),(128,'','An ice lolly on a hot day',1,'2011-08-01 00:28:24','3b9e2119dd2c7e68b67f54495fb21d7e'),(129,'Bob','People that make fountains look pretty.',1,'2011-08-01 00:30:41','9164d3a2b6cf66cf0759180d9c917d2b'),(131,'Bob','Snowboarding above the clouds in Sierra Nevada',1,'2011-08-01 18:34:50','9164d3a2b6cf66cf0759180d9c917d2b'),(132,'Anonycat','MIce',1,'2011-08-01 18:42:05','9164d3a2b6cf66cf0759180d9c917d2b');
/*!40000 ALTER TABLE `tblPosts` ENABLE KEYS */;
UNLOCK TABLES;

--
-- Table structure for table `tblPosts_Tags`
--

DROP TABLE IF EXISTS `tblPosts_Tags`;
SET @saved_cs_client     = @@character_set_client;
SET character_set_client = utf8;
CREATE TABLE `tblPosts_Tags` (
  `postID` int(10) default NULL,
  `tagID` int(10) default NULL
) ENGINE=MyISAM DEFAULT CHARSET=latin1;
SET character_set_client = @saved_cs_client;

--
-- Dumping data for table `tblPosts_Tags`
--

LOCK TABLES `tblPosts_Tags` WRITE;
/*!40000 ALTER TABLE `tblPosts_Tags` DISABLE KEYS */;
INSERT INTO `tblPosts_Tags` VALUES (58,194),(63,186),(66,188),(93,186),(101,187),(103,188),(104,186),(67,227),(67,222),(63,220),(128,194),(122,231),(58,217),(52,186),(54,186),(59,228),(55,186),(129,217),(52,194),(55,230),(58,231),(129,231),(123,231),(48,185),(46,186),(51,200),(123,237),(38,216),(47,194),(39,200),(45,208),(44,208),(41,185),(40,186),(131,217),(72,186),(131,231),(123,247),(71,186),(70,200),(66,227),(66,242),(103,187),(79,194),(82,194),(80,221),(78,222),(72,200),(76,186),(76,188),(74,185),(74,186),(68,194),(72,217),(72,225),(71,224),(70,217),(60,200),(62,194),(63,227),(59,225),(57,186),(56,217),(53,200),(55,224),(54,224),(49,185),(52,231),(49,224),(48,224),(46,231),(40,224),(117,223),(101,221),(100,194),(108,233),(107,233),(106,233),(92,208),(77,186),(89,186),(101,234),(99,233),(98,188),(98,235),(97,186),(97,235),(96,236),(96,237),(95,194),(95,200),(94,217),(94,238),(78,223),(80,220),(93,236),(90,194),(92,231),(91,233),(83,219),(90,197),(82,217),(89,239),(85,233),(84,231),(84,240),(58,226),(67,241),(64,233),(65,197),(66,241),(93,237),(100,217),(105,231),(113,187),(114,194),(114,217),(109,221),(115,235),(115,243),(122,243),(74,224),(120,231),(121,194),(118,251),(117,243),(117,252),(122,248),(120,249),(120,250),(83,218),(109,223),(119,243),(119,223),(39,232),(113,188),(38,217),(116,200),(104,185),(77,221),(76,221),(128,223),(126,233),(125,223),(125,231),(124,208),(124,231),(132,194),(132,200);
/*!40000 ALTER TABLE `tblPosts_Tags` ENABLE KEYS */;
UNLOCK TABLES;

--
-- Table structure for table `tblSessions`
--

DROP TABLE IF EXISTS `tblSessions`;
SET @saved_cs_client     = @@character_set_client;
SET character_set_client = utf8;
CREATE TABLE `tblSessions` (
  `sessionID` char(32) NOT NULL,
  `sessionDate` timestamp NOT NULL default CURRENT_TIMESTAMP on update CURRENT_TIMESTAMP,
  `sessionData` text NOT NULL,
  `sessionExpiry` int(10) NOT NULL,
  PRIMARY KEY  (`sessionID`)
) ENGINE=MyISAM DEFAULT CHARSET=utf8;
SET character_set_client = @saved_cs_client;

--
-- Dumping data for table `tblSessions`
--

LOCK TABLES `tblSessions` WRITE;
/*!40000 ALTER TABLE `tblSessions` DISABLE KEYS */;
INSERT INTO `tblSessions` VALUES ('c2698350efd8463adce0067354d3f696','2011-07-28 01:11:49','a:3:{s:13:\"sessionLength\";s:4:\"long\";s:9:\"IPAddress\";s:13:\"77.100.74.210\";s:9:\"logintime\";d:1311815486.7969920635223388671875;}',1343351509),('e7ad90a0d880c7e06cf80f0b7f13918e','2011-07-24 23:33:25','a:1:{s:13:\"sessionLength\";s:4:\"long\";}',1343086406),('90e93b6ce94bb96b64a674a947663ed6','2011-07-24 22:09:53','a:1:{s:13:\"sessionLength\";s:4:\"long\";}',1343081393),('29e771c477a563d585e1b39bbe7b4a0a','2011-07-24 22:09:53','a:1:{s:13:\"sessionLength\";s:4:\"long\";}',1343081393),('6111c893916bb2ef997fe1e2ab769d88','2011-07-24 23:33:43','a:1:{s:13:\"sessionLength\";s:4:\"long\";}',1343086423),('2f530f965a2cc1d2330ca6f7f616066f','2011-07-24 22:53:06','a:1:{s:13:\"sessionLength\";s:4:\"long\";}',1343083987),('a0db9bee82d187e21b5a6f982b52bb78','2011-07-24 23:33:26','a:1:{s:13:\"sessionLength\";s:4:\"long\";}',1343086406),('cff2bc6ec5137dcf3e82013f95a410fe','2011-07-24 23:33:43','a:1:{s:13:\"sessionLength\";s:4:\"long\";}',1343086423),('6bf8516d5eba4c1e37a6acffe3234e45','2011-07-27 22:31:36','a:6:{s:13:\"sessionLength\";s:4:\"long\";s:8:\"userName\";s:5:\"admin\";s:12:\"userPassword\";s:32:\"0e275a2b9d6ff3d2ad542670415ccca0\";s:6:\"userID\";s:1:\"1\";s:9:\"IPAddress\";s:10:\"92.30.0.67\";s:9:\"logintime\";d:1311550907.0108509063720703125;}',1343341897),('f6f24792f61bbf28efe1de0ac2db1c00','2011-07-24 23:36:48','a:1:{s:13:\"sessionLength\";s:4:\"long\";}',1343086609),('4862691fd244ddc34ac46a51052b556e','2011-07-24 23:36:59','a:1:{s:13:\"sessionLength\";s:4:\"long\";}',1343086620),('eae69dded73bd3e240f7bf9c0a16130a','2011-07-25 01:40:57','a:1:{s:13:\"sessionLength\";s:4:\"long\";}',1343094058),('7a20ee7ace114601d09b63d9f6fb9fc4','2011-07-25 02:57:04','a:1:{s:13:\"sessionLength\";s:4:\"long\";}',1343098624),('3ce1cafc0cc1981fa7abd5aeb6315d1a','2011-07-25 00:27:10','a:1:{s:13:\"sessionLength\";s:4:\"long\";}',1343089630),('ed76610c400598ebdfa883512cdb158d','2011-07-30 17:48:10','a:6:{s:13:\"sessionLength\";s:4:\"long\";s:8:\"userName\";s:5:\"admin\";s:12:\"userPassword\";s:32:\"0e275a2b9d6ff3d2ad542670415ccca0\";s:6:\"userID\";s:1:\"1\";s:9:\"IPAddress\";s:11:\"92.30.8.171\";s:9:\"logintime\";d:1311666894.3489449024200439453125;}',1343584090),('8ee68ea8dfa3ca62e065bbd43ac9b673','2011-07-25 23:37:07','a:1:{s:13:\"sessionLength\";s:4:\"long\";}',1343173027),('7cf5a66229064ce3d07d902947f4ae92','2011-07-25 02:51:18','a:1:{s:13:\"sessionLength\";s:4:\"long\";}',1343098279),('70765d0399e7900e49849a789044adb6','2011-07-25 02:51:19','a:1:{s:13:\"sessionLength\";s:4:\"long\";}',1343098279),('5e2e93e81473fbdad4f2e715d071664f','2011-07-25 03:09:12','a:1:{s:13:\"sessionLength\";s:4:\"long\";}',1343099353),('daef57f8b6a8f43f398a354e0f6ae57a','2011-07-25 03:14:07','a:1:{s:13:\"sessionLength\";s:4:\"long\";}',1343099648),('a837f8e9bd754ee26bbed72aa14ff9be','2011-07-25 04:01:30','a:1:{s:13:\"sessionLength\";s:4:\"long\";}',1343102491),('b06cb966cb71a4adc0acce70d816cdd0','2011-07-25 04:01:30','a:1:{s:13:\"sessionLength\";s:4:\"long\";}',1343102491),('3b572bc96c550f48f50364a845c7596d','2011-07-26 06:03:51','a:1:{s:13:\"sessionLength\";s:4:\"long\";}',1343196231),('219b44abdedd36586765fdaf2b6c8e23','2011-07-25 04:58:06','a:1:{s:13:\"sessionLength\";s:4:\"long\";}',1343105886),('47f99f6b7f8cddf9f7d325b1fc723209','2011-07-25 04:58:06','a:1:{s:13:\"sessionLength\";s:4:\"long\";}',1343105887),('769685af2a711db07b3b4d1b3fceaba0','2011-07-25 04:58:06','a:1:{s:13:\"sessionLength\";s:4:\"long\";}',1343105887),('589aed2427755bc38c2f7ad8e502111b','2011-07-25 04:58:07','a:1:{s:13:\"sessionLength\";s:4:\"long\";}',1343105887),('0f5dfc5f0d74338e9136d1b410ff8d49','2011-07-25 06:05:45','a:1:{s:13:\"sessionLength\";s:4:\"long\";}',1343109945),('7199714e8cbde0b53857aad09d16c36b','2011-07-25 06:05:45','a:1:{s:13:\"sessionLength\";s:4:\"long\";}',1343109946),('243e6ec08c960e9ba56cb81d28f08c56','2011-07-25 06:08:26','a:1:{s:13:\"sessionLength\";s:4:\"long\";}',1343110107),('db34e2ab50e0af14c3b5734100d09cb1','2011-07-25 06:21:08','a:1:{s:13:\"sessionLength\";s:4:\"long\";}',1343110868),('72965d9a2205327ba2d75644285c4479','2011-07-25 10:55:49','a:1:{s:13:\"sessionLength\";s:4:\"long\";}',1343127350),('0f1044225215c6ea0589c1863ba26208','2011-07-25 06:36:39','a:1:{s:13:\"sessionLength\";s:4:\"long\";}',1343111800),('f5138c4b815db06c6eeb35c593964b48','2011-07-25 06:36:40','a:1:{s:13:\"sessionLength\";s:4:\"long\";}',1343111801),('f57e0a54dfccd72bbd1c2eb72311838c','2011-07-25 06:36:41','a:1:{s:13:\"sessionLength\";s:4:\"long\";}',1343111802),('8319837eeb7df6bb59edb25ea42718ce','2011-07-25 06:36:42','a:1:{s:13:\"sessionLength\";s:4:\"long\";}',1343111803),('6049c484f99bf5970460cd3cd18a8678','2011-07-25 06:37:38','a:1:{s:13:\"sessionLength\";s:4:\"long\";}',1343111858),('05cd9f30589b4ec2eab890fe80e7c7a4','2011-07-25 06:38:06','a:1:{s:13:\"sessionLength\";s:4:\"long\";}',1343111886),('02e1f0945a823f5b1261563b50fa341d','2011-07-25 06:38:06','a:1:{s:13:\"sessionLength\";s:4:\"long\";}',1343111887),('916e04bad17a37d0bed332694834746e','2011-07-25 06:38:07','a:1:{s:13:\"sessionLength\";s:4:\"long\";}',1343111888),('d83281785e6a28d4a67e9f1a799615f1','2011-07-25 06:38:08','a:1:{s:13:\"sessionLength\";s:4:\"long\";}',1343111889),('d8a72098ab7dbf15d25eb33e77ee5e0e','2011-07-25 06:41:06','a:1:{s:13:\"sessionLength\";s:4:\"long\";}',1343112066),('db4ce0e1c874d85c3ec46c4aa2253957','2011-07-25 07:05:38','a:1:{s:13:\"sessionLength\";s:4:\"long\";}',1343113539),('dbe486ffec5f0355c92b3804bc8872aa','2011-07-25 07:15:05','a:1:{s:13:\"sessionLength\";s:4:\"long\";}',1343114106),('44acfc11143691c55da3b72796cb416e','2011-07-25 07:28:52','a:1:{s:13:\"sessionLength\";s:4:\"long\";}',1343114932),('09445629392b0ae1f9083a922fca7638','2011-07-25 08:01:33','a:1:{s:13:\"sessionLength\";s:4:\"long\";}',1343116893),('519b75d2039a8ca61eaf77fa24150a87','2011-07-25 08:01:38','a:1:{s:13:\"sessionLength\";s:4:\"long\";}',1343116899),('29eab4bd0d7b52870c19dacb9736b3fe','2011-07-25 16:18:03','a:3:{s:13:\"sessionLength\";s:4:\"long\";s:9:\"IPAddress\";s:13:\"141.92.129.45\";s:9:\"logintime\";d:1311610662.216876983642578125;}',1343146683),('7eedc3cfc9b76fc72b43186e91730290','2011-07-25 08:06:47','a:1:{s:13:\"sessionLength\";s:4:\"long\";}',1343117207),('2906de0b2ab80f8871582a1e65c76b77','2011-07-25 08:08:55','a:1:{s:13:\"sessionLength\";s:4:\"long\";}',1343117336),('1962b8115d107c54fff27f2b079256e7','2011-07-25 08:08:55','a:1:{s:13:\"sessionLength\";s:4:\"long\";}',1343117336),('06e86335ac1bf0c8cf5d0aec5c763c2d','2011-07-25 08:09:11','a:1:{s:13:\"sessionLength\";s:4:\"long\";}',1343117351),('672dc05a593fc757ff39668ebd477b6e','2011-07-25 08:09:16','a:1:{s:13:\"sessionLength\";s:4:\"long\";}',1343117357),('2bb22265de5719656e733e8214a7c25c','2011-07-25 08:09:23','a:1:{s:13:\"sessionLength\";s:4:\"long\";}',1343117363),('4b53e1fd58ff8dabd58d29e15817b24a','2011-07-25 08:09:27','a:1:{s:13:\"sessionLength\";s:4:\"long\";}',1343117367),('40c78c420390ba9834111499fa300d74','2011-07-25 08:10:04','a:1:{s:13:\"sessionLength\";s:4:\"long\";}',1343117404),('7fc823984bce80494f5722d7c9eaa14e','2011-07-25 08:10:23','a:1:{s:13:\"sessionLength\";s:4:\"long\";}',1343117424),('bef441bb3abe6e5a1965b5bebb2d7bd2','2011-07-27 15:27:08','a:1:{s:13:\"sessionLength\";s:4:\"long\";}',1343316429),('58dad56a59ff40f0d0d02db16b37108a','2011-07-25 08:13:56','a:1:{s:13:\"sessionLength\";s:4:\"long\";}',1343117637),('6bcdaf42f1fbbd7b584f35b5f2115e40','2011-07-25 08:17:22','a:1:{s:13:\"sessionLength\";s:4:\"long\";}',1343117842),('1a490c55919478ec81c3ff0cdb8d5bf1','2011-07-25 08:28:24','a:1:{s:13:\"sessionLength\";s:4:\"long\";}',1343118504),('aa21a0c31a4205220a9f7a99742e1dba','2011-07-25 08:29:53','a:1:{s:13:\"sessionLength\";s:4:\"long\";}',1343118594),('a703c7a21428fc7d748b38fb337be08f','2011-07-25 08:47:01','a:1:{s:13:\"sessionLength\";s:4:\"long\";}',1343119622),('c77124a93f86a5de3a8f8284aa61619d','2011-07-25 08:47:02','a:1:{s:13:\"sessionLength\";s:4:\"long\";}',1343119622),('477a3601ef1ca75ad129c3aece4012b9','2011-07-25 08:53:07','a:1:{s:13:\"sessionLength\";s:4:\"long\";}',1343119988),('3ba3bc4ddf44bafbaa4dddb3c0494950','2011-07-25 08:55:04','a:1:{s:13:\"sessionLength\";s:4:\"long\";}',1343120104),('d0f0117ade0e94913a131801c942463b','2011-07-28 10:49:31','a:1:{s:13:\"sessionLength\";s:4:\"long\";}',1343386171),('ea1469b2f0f06e278874e65826fa5827','2011-08-01 15:20:58','a:6:{s:13:\"sessionLength\";s:4:\"long\";s:9:\"IPAddress\";s:15:\"109.174.167.114\";s:9:\"logintime\";d:1311600768.62535190582275390625;s:8:\"userName\";s:5:\"admin\";s:12:\"userPassword\";s:32:\"0e275a2b9d6ff3d2ad542670415ccca0\";s:6:\"userID\";s:1:\"1\";}',1343748059),('7fd17def207263a8557f1eb2508cb813','2011-07-26 11:09:49','a:1:{s:13:\"sessionLength\";s:4:\"long\";}',1343214589),('1531ba4b1522a93291673c90c4e1dd22','2011-07-25 09:17:02','a:1:{s:13:\"sessionLength\";s:4:\"long\";}',1343121423),('b114e86b16bbd84e4dfd069331d50e55','2011-07-28 12:15:53','a:1:{s:13:\"sessionLength\";s:4:\"long\";}',1343391354),('a12e94b282f93d3b791d252fdf55ac1d','2011-07-25 09:25:06','a:1:{s:13:\"sessionLength\";s:4:\"long\";}',1343121907),('0baa4312dc89377c13cdc58d5e9f92de','2011-08-01 15:10:06','a:1:{s:13:\"sessionLength\";s:4:\"long\";}',1343747406),('7762ccfb19a13af647bb7d39a308ccce','2011-07-25 09:41:53','a:1:{s:13:\"sessionLength\";s:4:\"long\";}',1343122914),('c1926a492bb97ab591e864c6c361a770','2011-07-25 09:30:59','a:1:{s:13:\"sessionLength\";s:4:\"long\";}',1343122260),('8c6f47edf8a56ede8fdffcf59337f9ef','2011-07-25 09:33:54','a:1:{s:13:\"sessionLength\";s:4:\"long\";}',1343122434),('c3a1afb7a4b19003a5b2509b7c1e61b8','2011-07-25 09:31:07','a:1:{s:13:\"sessionLength\";s:4:\"long\";}',1343122268),('dad65e3c50101297c1b08514b54e008e','2011-07-25 09:40:49','a:1:{s:13:\"sessionLength\";s:4:\"long\";}',1343122850),('5c24960e626122df759f77203aac1f26','2011-07-25 09:31:22','a:1:{s:13:\"sessionLength\";s:4:\"long\";}',1343122283),('d361eb25b3ffd3c504cd490300b98146','2011-07-25 09:31:28','a:1:{s:13:\"sessionLength\";s:4:\"long\";}',1343122288),('aa20fcc3bb3239acf02842f0aef6dd1b','2011-07-25 09:31:28','a:1:{s:13:\"sessionLength\";s:4:\"long\";}',1343122289),('38a8dfdd00626768231d7d00775019e2','2011-07-25 09:31:28','a:1:{s:13:\"sessionLength\";s:4:\"long\";}',1343122289),('6c5a915f30c433646f8877aee35f8cb0','2011-07-25 09:31:28','a:1:{s:13:\"sessionLength\";s:4:\"long\";}',1343122289),('cb62b7b0a293368ae3a4c2c5bc53fc33','2011-07-25 09:31:28','a:1:{s:13:\"sessionLength\";s:4:\"long\";}',1343122289),('e56edb74219d94364c06a1ce1886958d','2011-07-25 09:31:29','a:1:{s:13:\"sessionLength\";s:4:\"long\";}',1343122290),('3dfc027c594e627912688b34423b0afa','2011-07-25 09:31:32','a:1:{s:13:\"sessionLength\";s:4:\"long\";}',1343122293),('6fdb09edcd4868db2d914d0a912af017','2011-07-25 09:31:35','a:1:{s:13:\"sessionLength\";s:4:\"long\";}',1343122296),('b1e193b5795cfaf19c97a550b735cd14','2011-07-25 09:31:38','a:1:{s:13:\"sessionLength\";s:4:\"long\";}',1343122298),('70bee279a4844fda42e1a8bc4dad7c07','2011-07-25 09:31:42','a:1:{s:13:\"sessionLength\";s:4:\"long\";}',1343122303),('70997e7c936101696ca77fb2ff7ff2d5','2011-07-25 09:31:45','a:1:{s:13:\"sessionLength\";s:4:\"long\";}',1343122305),('968a085c8dff3a029c52ac168a5b2ec6','2011-07-25 09:31:54','a:1:{s:13:\"sessionLength\";s:4:\"long\";}',1343122315),('262e95ea9c2b1baa3b9dda200f773b5c','2011-07-25 09:32:10','a:1:{s:13:\"sessionLength\";s:4:\"long\";}',1343122331),('ed9894e6dfa15ca432d28117cb7841c9','2011-07-25 09:32:12','a:1:{s:13:\"sessionLength\";s:4:\"long\";}',1343122333),('52ca66ab4f80f8e957a90a0359d2d7f5','2011-07-25 09:32:17','a:1:{s:13:\"sessionLength\";s:4:\"long\";}',1343122338),('9f9ceae845ab1eacd514cd4c86a8db3f','2011-07-25 09:32:17','a:1:{s:13:\"sessionLength\";s:4:\"long\";}',1343122338),('bf428a21a5c900df75726cc2cdcd6097','2011-07-25 09:32:24','a:1:{s:13:\"sessionLength\";s:4:\"long\";}',1343122344),('818c1194e0e0f939ea706657b524a6c8','2011-07-25 09:32:31','a:1:{s:13:\"sessionLength\";s:4:\"long\";}',1343122351),('0dedcfa2ea2e2dd9d25338b9a799bc3f','2011-07-25 09:33:54','a:1:{s:13:\"sessionLength\";s:4:\"long\";}',1343122434),('f32af945add631b24bb223b7cff3e11a','2011-07-25 09:33:56','a:1:{s:13:\"sessionLength\";s:4:\"long\";}',1343122437),('9b3d88a4cce867d1716d25455073651a','2011-07-25 09:34:00','a:1:{s:13:\"sessionLength\";s:4:\"long\";}',1343122441),('f3664008126c34ef349dc64560cf9576','2011-07-25 09:34:00','a:1:{s:13:\"sessionLength\";s:4:\"long\";}',1343122441),('ec9194b8fd0cdce6607ef8af6e13c9f8','2011-07-25 09:34:13','a:1:{s:13:\"sessionLength\";s:4:\"long\";}',1343122453),('404e6e587cdaf4e2513d075a7a425533','2011-07-25 09:35:06','a:1:{s:13:\"sessionLength\";s:4:\"long\";}',1343122506),('2619c383590327333414cd587b5a0947','2011-07-25 09:35:06','a:1:{s:13:\"sessionLength\";s:4:\"long\";}',1343122506),('f141fe8c88dfb73f3f3ff6ad03a10b3a','2011-07-25 09:35:29','a:1:{s:13:\"sessionLength\";s:4:\"long\";}',1343122530),('3cefe73bf8b89ef6347e356e2b7cb400','2011-07-25 09:35:55','a:1:{s:13:\"sessionLength\";s:4:\"long\";}',1343122556),('83e31878c3d3d1c4e3e83db5e18e542e','2011-07-25 09:35:55','a:1:{s:13:\"sessionLength\";s:4:\"long\";}',1343122556),('e1f22ab2e76a99522ec259132ff1ca97','2011-07-25 09:44:54','a:1:{s:13:\"sessionLength\";s:4:\"long\";}',1343123095),('dba36825254a756bce560ac4ae204387','2011-07-25 09:44:54','a:1:{s:13:\"sessionLength\";s:4:\"long\";}',1343123095),('1a965c8ab1cad8aa3ef82aba84aa2d41','2011-07-25 09:53:14','a:1:{s:13:\"sessionLength\";s:4:\"long\";}',1343123594),('8075fde2c00bae0695e0d3be2e27e0ff','2011-07-25 10:06:37','a:1:{s:13:\"sessionLength\";s:4:\"long\";}',1343124397),('23776366f0b890fbe6c8a73659d89aa1','2011-07-25 10:33:09','a:1:{s:13:\"sessionLength\";s:4:\"long\";}',1343125990),('4864e365fc2d20a6469b713f542408b6','2011-07-25 10:33:41','a:1:{s:13:\"sessionLength\";s:4:\"long\";}',1343126021),('4aa0f94df1445307bd696c2f596e3699','2011-07-25 10:38:13','a:1:{s:13:\"sessionLength\";s:4:\"long\";}',1343126294),('1d84249f5fbe881959e06b1e083ffd69','2011-07-25 10:52:27','a:1:{s:13:\"sessionLength\";s:4:\"long\";}',1343127148),('d27845756515eb6ad0d2bc44b8df3f74','2011-07-25 11:17:30','a:1:{s:13:\"sessionLength\";s:4:\"long\";}',1343128650),('44ecc42ae7669450853095d34e20e039','2011-07-25 11:52:29','a:1:{s:13:\"sessionLength\";s:4:\"long\";}',1343130750),('211aabee7a451b6c211492449f0f03ca','2011-07-25 12:38:16','a:1:{s:13:\"sessionLength\";s:4:\"long\";}',1343133497),('006708ea4c929f68aeff0347137da40e','2011-07-25 12:57:31','a:1:{s:13:\"sessionLength\";s:4:\"long\";}',1343134651),('1d98cb05d11f83e58e64a3ab396364a0','2011-07-25 12:38:41','a:1:{s:13:\"sessionLength\";s:4:\"long\";}',1343133522),('f6521464195da0347f4beff38c16e328','2011-07-25 12:38:43','a:1:{s:13:\"sessionLength\";s:4:\"long\";}',1343133524),('15d3fbdddae71c861c81e4bc877720a6','2011-07-25 12:38:47','a:1:{s:13:\"sessionLength\";s:4:\"long\";}',1343133527),('27119c241f13525dc782f0e70f1e1340','2011-07-25 12:38:48','a:1:{s:13:\"sessionLength\";s:4:\"long\";}',1343133528),('efac7481ef1cd8d2fa01c0c8dd3768d4','2011-07-25 12:38:49','a:1:{s:13:\"sessionLength\";s:4:\"long\";}',1343133530),('79832c1ebcd3e45ecbe2f17758ef3adb','2011-07-25 12:39:08','a:1:{s:13:\"sessionLength\";s:4:\"long\";}',1343133549),('34643aece93664679817d5941fa456f0','2011-07-25 12:39:11','a:1:{s:13:\"sessionLength\";s:4:\"long\";}',1343133551),('aaf22297e3642a4f664352d70fb832af','2011-07-25 12:39:31','a:1:{s:13:\"sessionLength\";s:4:\"long\";}',1343133572),('9f7062dfa6b0dcceb33797bc23bb0b55','2011-07-25 12:39:34','a:1:{s:13:\"sessionLength\";s:4:\"long\";}',1343133575),('8907debde99f751b8c366287d1bd2604','2011-07-25 12:39:38','a:1:{s:13:\"sessionLength\";s:4:\"long\";}',1343133578),('d550686b518371ad9b29588d14d63f65','2011-07-25 12:39:51','a:1:{s:13:\"sessionLength\";s:4:\"long\";}',1343133591),('792d016e6c978e9639d0f8aab2943ff5','2011-07-25 12:39:54','a:1:{s:13:\"sessionLength\";s:4:\"long\";}',1343133594),('83365f6850cd07d954c50ef0b937f05c','2011-07-25 12:39:56','a:1:{s:13:\"sessionLength\";s:4:\"long\";}',1343133597),('bed3792d334e6786297ec1e4a2cd069f','2011-07-25 12:40:02','a:1:{s:13:\"sessionLength\";s:4:\"long\";}',1343133602),('796677f6362a54965f7b4cf133c24135','2011-07-25 12:40:05','a:1:{s:13:\"sessionLength\";s:4:\"long\";}',1343133605),('e68665caf3fbb83d6123e1932c19847b','2011-07-25 12:40:18','a:1:{s:13:\"sessionLength\";s:4:\"long\";}',1343133619),('013fc83c9cb2cdc163e09cff6c2cbcba','2011-07-25 12:40:42','a:1:{s:13:\"sessionLength\";s:4:\"long\";}',1343133643),('420611c6e998fd03e0a4b7f1cddc47a3','2011-07-25 12:40:44','a:1:{s:13:\"sessionLength\";s:4:\"long\";}',1343133645),('cec51907171506f55d1e7a12dc9bf5d9','2011-07-25 12:40:57','a:1:{s:13:\"sessionLength\";s:4:\"long\";}',1343133657),('8eb80ed7227cb528ec741a63091b97da','2011-07-25 12:41:08','a:1:{s:13:\"sessionLength\";s:4:\"long\";}',1343133668),('d30a97682d5ffb175793f484f59beada','2011-07-25 12:41:10','a:1:{s:13:\"sessionLength\";s:4:\"long\";}',1343133671),('007ecc1d1ca1dd8d4cded5c73a0d4118','2011-07-25 12:41:53','a:1:{s:13:\"sessionLength\";s:4:\"long\";}',1343133713),('75408f03d1ddb30a618b99262b26ab9b','2011-07-25 12:49:17','a:1:{s:13:\"sessionLength\";s:4:\"long\";}',1343134158),('11a83b769b11de05114f13fa2da708c9','2011-07-25 12:49:32','a:1:{s:13:\"sessionLength\";s:4:\"long\";}',1343134173),('f49b0e195827cbfd3549ee361f593f7e','2011-07-25 12:49:45','a:1:{s:13:\"sessionLength\";s:4:\"long\";}',1343134185),('38972e191b8797abb72b8de7dd0e8775','2011-07-25 12:49:49','a:1:{s:13:\"sessionLength\";s:4:\"long\";}',1343134190),('eb1fe83ae846ef1827895ee85f407d50','2011-07-25 12:52:06','a:1:{s:13:\"sessionLength\";s:4:\"long\";}',1343134326),('9432f56ce9cc922980f37523d8608bf2','2011-07-25 13:03:53','a:1:{s:13:\"sessionLength\";s:4:\"long\";}',1343135033),('d8ed18a7e9ad5c49b09525af124b1898','2011-07-25 12:50:38','a:1:{s:13:\"sessionLength\";s:4:\"long\";}',1343134239),('252f1e688e1a4d60ea77bcea69cdf4e2','2011-07-25 12:50:38','a:1:{s:13:\"sessionLength\";s:4:\"long\";}',1343134239),('a611353560b82d6baa2a8f4a873f5c65','2011-07-25 12:50:57','a:1:{s:13:\"sessionLength\";s:4:\"long\";}',1343134257),('dcda75e6fd031c6619295e1149907575','2011-07-25 12:51:00','a:1:{s:13:\"sessionLength\";s:4:\"long\";}',1343134260),('3cb4746ef49184b86fb3289d18b42b65','2011-07-25 12:51:01','a:1:{s:13:\"sessionLength\";s:4:\"long\";}',1343134262),('0015206ed5510e333b3cb737ec4748b1','2011-07-25 12:51:11','a:1:{s:13:\"sessionLength\";s:4:\"long\";}',1343134272),('9c47f05c8da5a4bdda9ad4a7c3986827','2011-07-25 13:01:34','a:1:{s:13:\"sessionLength\";s:4:\"long\";}',1343134894),('a7ca15df4b59340b82f56b405a72fff6','2011-07-25 12:52:01','a:1:{s:13:\"sessionLength\";s:4:\"long\";}',1343134321),('1099480e5b5da91b366b6182b4643c10','2011-07-25 12:52:03','a:1:{s:13:\"sessionLength\";s:4:\"long\";}',1343134323),('ef46bd87dca88fab6eb6a5868f79553c','2011-07-25 12:55:28','a:1:{s:13:\"sessionLength\";s:4:\"long\";}',1343134528),('2d4f259d02a11e5eafea3bae8f9a95dc','2011-07-25 12:55:57','a:1:{s:13:\"sessionLength\";s:4:\"long\";}',1343134558),('4d893424abf56b924d4b94cb28a0a90d','2011-07-25 12:55:58','a:1:{s:13:\"sessionLength\";s:4:\"long\";}',1343134558),('991782c14529e9ef7e1e32643e6776d2','2011-07-25 12:56:23','a:1:{s:13:\"sessionLength\";s:4:\"long\";}',1343134584),('ee9c9f663941f9652000f2602e18eeb8','2011-07-25 12:56:35','a:1:{s:13:\"sessionLength\";s:4:\"long\";}',1343134595),('75f97e2d711749a59fa8438375c435e6','2011-07-25 12:56:56','a:1:{s:13:\"sessionLength\";s:4:\"long\";}',1343134617),('76b89a20a9142be8cf360d92a6b50ee9','2011-07-25 12:56:59','a:1:{s:13:\"sessionLength\";s:4:\"long\";}',1343134619),('9c577405e74dd9d7d1d8fb7e5e2f939d','2011-07-25 12:57:07','a:1:{s:13:\"sessionLength\";s:4:\"long\";}',1343134628),('4d92af97421b693991a0ff8c171cec27','2011-07-25 12:57:09','a:1:{s:13:\"sessionLength\";s:4:\"long\";}',1343134630),('1eda53b732a320636ad166bd207bdd10','2011-07-25 12:57:11','a:1:{s:13:\"sessionLength\";s:4:\"long\";}',1343134631),('87386b4cfa7abc76a9f9a43629b18d3c','2011-07-25 12:57:18','a:1:{s:13:\"sessionLength\";s:4:\"long\";}',1343134638),('9f81ff79c4360732a9b4f0c758f908e9','2011-07-25 12:57:19','a:1:{s:13:\"sessionLength\";s:4:\"long\";}',1343134639),('d5afc747e91d9a4da2909f14f8b0c226','2011-07-25 12:57:21','a:1:{s:13:\"sessionLength\";s:4:\"long\";}',1343134642),('860bde46686fce6e65b7b2c87ce9ff90','2011-07-25 12:57:40','a:1:{s:13:\"sessionLength\";s:4:\"long\";}',1343134661),('d4d60a6debd692a201fde1b13449199b','2011-07-29 11:42:58','a:1:{s:13:\"sessionLength\";s:4:\"long\";}',1343475779),('0a9d3804cac93a8bc0d718f12ac7f4db','2011-08-01 08:54:43','a:1:{s:13:\"sessionLength\";s:4:\"long\";}',1343724883),('03357063ae704006566e68c3b352e5e1','2011-07-25 13:06:49','a:1:{s:13:\"sessionLength\";s:4:\"long\";}',1343135210),('01bce455ab0855b9bab7fe2757f992aa','2011-07-25 13:06:53','a:1:{s:13:\"sessionLength\";s:4:\"long\";}',1343135214),('351251339d9a171057b509a85e5b3738','2011-07-25 13:07:02','a:1:{s:13:\"sessionLength\";s:4:\"long\";}',1343135223),('d1a504d581b434ac1fbe2efa5bbcb59b','2011-07-25 13:07:04','a:1:{s:13:\"sessionLength\";s:4:\"long\";}',1343135224),('0b7e0d42db15f57dd80910c52f2bbc19','2011-07-25 13:07:21','a:1:{s:13:\"sessionLength\";s:4:\"long\";}',1343135241),('5e9c651db0ecc98d8793ef7130c4f0bb','2011-07-31 19:28:44','a:1:{s:13:\"sessionLength\";s:4:\"long\";}',1343676525),('cb3f4f546fb4e0149308c482617dc4b7','2011-07-30 21:28:00','a:1:{s:13:\"sessionLength\";s:4:\"long\";}',1343597281),('d812956160c6f1b346294e43ac12e886','2011-07-25 13:31:44','a:1:{s:13:\"sessionLength\";s:4:\"long\";}',1343136704),('8381b9d5125380868f6a6652c50159a6','2011-07-25 13:34:11','a:1:{s:13:\"sessionLength\";s:4:\"long\";}',1343136851),('272e232b050990767a506e35e5255592','2011-07-25 13:34:54','a:1:{s:13:\"sessionLength\";s:4:\"long\";}',1343136894),('2b24fbb77813315cb76188353f82f58a','2011-07-25 13:56:20','a:1:{s:13:\"sessionLength\";s:4:\"long\";}',1343138181),('d62da940dd0f6c2868b21af9d8fa4804','2011-07-25 14:01:24','a:1:{s:13:\"sessionLength\";s:4:\"long\";}',1343138485),('a9f6e841443ad65b07efa3dc7f61ed72','2011-07-25 14:33:44','a:1:{s:13:\"sessionLength\";s:4:\"long\";}',1343140425),('08496de32a6ca92c682a19860aa3f72a','2011-07-25 14:33:44','a:1:{s:13:\"sessionLength\";s:4:\"long\";}',1343140425),('9af2a20dab07114eeea247941f8fe235','2011-07-25 14:34:22','a:1:{s:13:\"sessionLength\";s:4:\"long\";}',1343140462),('6703e496a89371d1e6c09e8904cb0dd9','2011-07-25 14:34:22','a:1:{s:13:\"sessionLength\";s:4:\"long\";}',1343140462),('a32372e61f4cb7977dc3e34771f3d7dc','2011-07-25 14:36:14','a:1:{s:13:\"sessionLength\";s:4:\"long\";}',1343140574),('a0e9199e5e150b8739f2416c0c3939e8','2011-07-25 14:36:14','a:1:{s:13:\"sessionLength\";s:4:\"long\";}',1343140575),('0a6b632f945e5d2327eeec67d1795466','2011-07-25 14:37:11','a:1:{s:13:\"sessionLength\";s:4:\"long\";}',1343140631),('2441744e5358cf4d3e44fc244ad1d884','2011-07-25 14:37:11','a:1:{s:13:\"sessionLength\";s:4:\"long\";}',1343140632),('2ee402a6d9388503600c4e2a8f8d3f26','2011-07-25 14:37:49','a:1:{s:13:\"sessionLength\";s:4:\"long\";}',1343140670),('15adbce2e193cfb44a5f76ca543a5920','2011-07-25 14:37:50','a:1:{s:13:\"sessionLength\";s:4:\"long\";}',1343140670),('815d98738e4e7c2143194c0cbc1aa8e0','2011-07-25 14:37:54','a:1:{s:13:\"sessionLength\";s:4:\"long\";}',1343140675),('83efb876b5c9ffd7be1b21af69aa159a','2011-07-25 14:37:54','a:1:{s:13:\"sessionLength\";s:4:\"long\";}',1343140675),('7e94dd85a41a9395120399524a062a24','2011-07-25 14:37:56','a:1:{s:13:\"sessionLength\";s:4:\"long\";}',1343140677),('e564a8c3238673a3d8b12fccfbd59d24','2011-07-25 14:37:56','a:1:{s:13:\"sessionLength\";s:4:\"long\";}',1343140677),('746a0f39cbddaaffbdc8ba5b139f1eb2','2011-07-25 14:38:33','a:1:{s:13:\"sessionLength\";s:4:\"long\";}',1343140714),('b1bbd8f0ca1cbf37f409c85542d59a55','2011-07-25 14:38:33','a:1:{s:13:\"sessionLength\";s:4:\"long\";}',1343140714),('d2c3c046794b7cb05411955100c14c1b','2011-07-25 14:39:23','a:1:{s:13:\"sessionLength\";s:4:\"long\";}',1343140763),('d05938a366dc060e47f7895114e9a8e4','2011-07-25 14:39:23','a:1:{s:13:\"sessionLength\";s:4:\"long\";}',1343140763),('1a1a30a7ca671bd0aaf0d791db5b0056','2011-07-25 14:39:37','a:1:{s:13:\"sessionLength\";s:4:\"long\";}',1343140778),('5e5c2903152b16f5f5ff1e8ec338a967','2011-07-25 14:39:37','a:1:{s:13:\"sessionLength\";s:4:\"long\";}',1343140778),('079b29f492dbd1b068b96a8a86216bb8','2011-07-25 14:40:18','a:1:{s:13:\"sessionLength\";s:4:\"long\";}',1343140819),('c9bc48dab847b896205bf2450f862e5a','2011-07-25 14:40:18','a:1:{s:13:\"sessionLength\";s:4:\"long\";}',1343140819),('9d065945f4ce6abf1d0b9f204f2855ff','2011-07-25 14:53:20','a:1:{s:13:\"sessionLength\";s:4:\"long\";}',1343141601),('a4de844035a14072c1422747fbdd9bde','2011-07-25 14:53:51','a:1:{s:13:\"sessionLength\";s:4:\"long\";}',1343141632),('48cb9db90666e466633f1fdd761a467f','2011-07-25 14:53:51','a:1:{s:13:\"sessionLength\";s:4:\"long\";}',1343141632),('428ec075a1b34283a0102e5d86e81db0','2011-07-25 14:54:24','a:1:{s:13:\"sessionLength\";s:4:\"long\";}',1343141665),('4e6af8037f772110fc0d0c89a7a47e89','2011-07-25 14:54:24','a:1:{s:13:\"sessionLength\";s:4:\"long\";}',1343141665),('c555fb0664ac9883731cd83254201ffe','2011-07-25 14:55:20','a:1:{s:13:\"sessionLength\";s:4:\"long\";}',1343141721),('37545baa90322275949b4c7026ed010e','2011-07-25 14:55:20','a:1:{s:13:\"sessionLength\";s:4:\"long\";}',1343141721),('670917d44f166cbfd883f8fdea8d6678','2011-07-25 14:55:42','a:1:{s:13:\"sessionLength\";s:4:\"long\";}',1343141742),('0e4d9994c48277baa8970118ab7d4095','2011-07-25 14:55:42','a:1:{s:13:\"sessionLength\";s:4:\"long\";}',1343141742),('684977bb39c3b2025cb424a4fb01aa44','2011-07-25 14:56:20','a:1:{s:13:\"sessionLength\";s:4:\"long\";}',1343141780),('27c0666987b7b9301ad7d4479929d78c','2011-07-25 14:56:20','a:1:{s:13:\"sessionLength\";s:4:\"long\";}',1343141780),('553acc4752ef9e866424f9ebd8fae5d9','2011-07-25 14:56:40','a:1:{s:13:\"sessionLength\";s:4:\"long\";}',1343141801),('ae3ed0cd3cb0082d1358dae09dab8c83','2011-07-25 14:56:40','a:1:{s:13:\"sessionLength\";s:4:\"long\";}',1343141801),('042b565b8159cc21e5abcebd08e306c4','2011-07-25 14:59:10','a:1:{s:13:\"sessionLength\";s:4:\"long\";}',1343141951),('a310a59c59ab4b672e371860efdd1e09','2011-07-25 15:06:08','a:1:{s:13:\"sessionLength\";s:4:\"long\";}',1343142369),('da9267a11cbe33f07e6ecab831ce4450','2011-07-25 15:06:08','a:1:{s:13:\"sessionLength\";s:4:\"long\";}',1343142369),('ce7a19953374d24f07980c822d6f9a04','2011-07-25 15:07:29','a:1:{s:13:\"sessionLength\";s:4:\"long\";}',1343142449),('9de743ea96e42db02beb51970cdd3172','2011-07-25 15:07:52','a:1:{s:13:\"sessionLength\";s:4:\"long\";}',1343142473),('882a391c85aa6e96a4b4a67f8cc904c5','2011-07-25 15:08:59','a:1:{s:13:\"sessionLength\";s:4:\"long\";}',1343142540),('164f61f1a1100d5227eab9f3a1e3df2f','2011-07-25 15:11:02','a:1:{s:13:\"sessionLength\";s:4:\"long\";}',1343142662),('1112b080ede83de9cf5975bc972a015c','2011-07-25 15:14:53','a:1:{s:13:\"sessionLength\";s:4:\"long\";}',1343142893),('447999f9742095d60607229f5a421d59','2011-07-25 15:14:53','a:1:{s:13:\"sessionLength\";s:4:\"long\";}',1343142893),('3c04fbb1082d155a02ad66a9935f1c51','2011-07-25 15:20:25','a:1:{s:13:\"sessionLength\";s:4:\"long\";}',1343143226),('f3c56e8f5bfefb79952e357aca9a22f6','2011-07-25 15:20:26','a:1:{s:13:\"sessionLength\";s:4:\"long\";}',1343143226),('757320b5bab6896e8e6c5539bda1441b','2011-07-25 15:46:31','a:1:{s:13:\"sessionLength\";s:4:\"long\";}',1343144792),('7eb488e33795501c8f14e25c9e0b5185','2011-07-25 16:14:06','a:1:{s:13:\"sessionLength\";s:4:\"long\";}',1343146446),('dc86ff4c8c600c2c533306eb4a380d27','2011-07-25 16:17:17','a:1:{s:13:\"sessionLength\";s:4:\"long\";}',1343146637),('cc3e3b734e00cea518f567440cc71f31','2011-08-01 11:37:55','a:3:{s:13:\"sessionLength\";s:4:\"long\";s:9:\"IPAddress\";s:13:\"141.92.129.41\";s:9:\"logintime\";d:1312198353.7761609554290771484375;}',1343734675),('c56630e6956489bbbf67a698e397d21d','2011-07-25 16:17:46','a:1:{s:13:\"sessionLength\";s:4:\"long\";}',1343146666),('c6ee5dab236c9147251252b2fac86976','2011-07-25 16:17:54','a:1:{s:13:\"sessionLength\";s:4:\"long\";}',1343146674),('e25e11e9d72fe8c437252ee48509ec00','2011-07-25 16:17:58','a:1:{s:13:\"sessionLength\";s:4:\"long\";}',1343146679),('321f407a8d5741c6cf323e6ba4e3e083','2011-07-26 09:41:28','a:1:{s:13:\"sessionLength\";s:4:\"long\";}',1343209288),('382e40d197d59859e924f12f131f81c4','2011-07-25 16:20:07','a:1:{s:13:\"sessionLength\";s:4:\"long\";}',1343146808),('848800f008d6ed4fb82970f2a6b17f02','2011-07-25 16:21:54','a:1:{s:13:\"sessionLength\";s:4:\"long\";}',1343146914),('24c0c19c9aad5ca514dbc754ce153b42','2011-07-25 16:21:54','a:1:{s:13:\"sessionLength\";s:4:\"long\";}',1343146914),('f640c51cd6eb7bee5a92fd6d39e313c7','2011-07-25 16:22:06','a:1:{s:13:\"sessionLength\";s:4:\"long\";}',1343146927),('a7d2f651921bb2fc8c6873fa5c7f9415','2011-07-25 16:22:08','a:1:{s:13:\"sessionLength\";s:4:\"long\";}',1343146928),('db47c7a703489b8d171e8c4976ae89cb','2011-07-25 16:22:10','a:1:{s:13:\"sessionLength\";s:4:\"long\";}',1343146930),('316ecd48ca093b1f5c0f71c6b4030e55','2011-07-25 16:22:11','a:1:{s:13:\"sessionLength\";s:4:\"long\";}',1343146932),('266a55b47c0f55656485b55dcfda7e65','2011-07-25 16:22:12','a:1:{s:13:\"sessionLength\";s:4:\"long\";}',1343146933),('f1f5b3b613ace3a2233fda25df768b19','2011-07-25 16:22:15','a:1:{s:13:\"sessionLength\";s:4:\"long\";}',1343146936),('8a086513f37a2146b97651e9d8eb885c','2011-07-25 16:22:17','a:1:{s:13:\"sessionLength\";s:4:\"long\";}',1343146937),('3965711234436a8aa18b00aca04dd310','2011-07-25 16:22:26','a:1:{s:13:\"sessionLength\";s:4:\"long\";}',1343146947),('fce146a61719b592f6e695c5b41ebdff','2011-07-25 16:22:30','a:1:{s:13:\"sessionLength\";s:4:\"long\";}',1343146950),('f125626ef02ebe69e7c7ccbaa520c81d','2011-07-25 16:22:34','a:1:{s:13:\"sessionLength\";s:4:\"long\";}',1343146954),('ab96296062245619510169aa49e6dc54','2011-07-25 16:22:35','a:1:{s:13:\"sessionLength\";s:4:\"long\";}',1343146956),('999c821f567394b554661ca5002e8b91','2011-07-25 16:22:37','a:1:{s:13:\"sessionLength\";s:4:\"long\";}',1343146957),('6784fb0b9d392da42b23d4b13b06d3b3','2011-07-25 16:22:38','a:1:{s:13:\"sessionLength\";s:4:\"long\";}',1343146958),('8d4cb644b4d5af7ff241167908530611','2011-07-25 16:22:39','a:1:{s:13:\"sessionLength\";s:4:\"long\";}',1343146960),('8c178c4cd930dfdc8e436cd5d9980722','2011-07-25 16:22:53','a:1:{s:13:\"sessionLength\";s:4:\"long\";}',1343146973),('31b895e43d954bb8acf0a1e4bf6e8053','2011-07-25 16:22:55','a:1:{s:13:\"sessionLength\";s:4:\"long\";}',1343146975),('14356c50f097a2c92f57bcf6a4f2dbe6','2011-07-25 16:22:57','a:1:{s:13:\"sessionLength\";s:4:\"long\";}',1343146978),('3457fbc9bb6da74250af7ec3c2575299','2011-07-25 16:22:59','a:1:{s:13:\"sessionLength\";s:4:\"long\";}',1343146980),('1eefe06da0460e37b56970fe5ed43c7d','2011-07-25 16:23:01','a:1:{s:13:\"sessionLength\";s:4:\"long\";}',1343146982),('b415df00787af2ab3d237cfdda32973a','2011-07-25 16:23:02','a:1:{s:13:\"sessionLength\";s:4:\"long\";}',1343146983),('36a4a9851d8441bcc5c5430c1c8cbe5b','2011-07-25 16:23:03','a:1:{s:13:\"sessionLength\";s:4:\"long\";}',1343146984),('df8c60bcf4a0d2b39a7b3e7918df723a','2011-07-25 16:23:04','a:1:{s:13:\"sessionLength\";s:4:\"long\";}',1343146985),('95d252cc0c0f5becebb02e01e0187d60','2011-07-25 16:56:27','a:1:{s:13:\"sessionLength\";s:4:\"long\";}',1343148988),('9720c4eb2c51a2438c202adaa85101e6','2011-07-25 16:56:28','a:1:{s:13:\"sessionLength\";s:4:\"long\";}',1343148988),('02ac21e3a349ce186a26303e4f31c464','2011-07-25 17:11:21','a:1:{s:13:\"sessionLength\";s:4:\"long\";}',1343149882),('f1fed18f25021e5bd534ead1864802a3','2011-07-31 21:12:01','a:6:{s:13:\"sessionLength\";s:4:\"long\";s:8:\"userName\";s:5:\"admin\";s:12:\"userPassword\";s:32:\"0e275a2b9d6ff3d2ad542670415ccca0\";s:6:\"userID\";s:1:\"1\";s:9:\"IPAddress\";s:11:\"92.30.8.171\";s:9:\"logintime\";d:1311614449.3581979274749755859375;}',1343682722),('e14f0c1bcf55e7498484d577fa783645','2011-07-25 17:50:13','a:1:{s:13:\"sessionLength\";s:4:\"long\";}',1343152214),('4d2528922d7ca175c1fa3a9bebac1fe4','2011-07-25 17:56:47','a:1:{s:13:\"sessionLength\";s:4:\"long\";}',1343152608),('943704ae561eb000c6abc4cf0fe363c7','2011-07-25 18:04:18','a:1:{s:13:\"sessionLength\";s:4:\"long\";}',1343153058),('7217bd74a518df1c462fc2141ec52e9b','2011-07-25 18:04:22','a:1:{s:13:\"sessionLength\";s:4:\"long\";}',1343153063),('00d64bfe2aed1e329cc18e33f9c0ba42','2011-07-25 18:04:24','a:1:{s:13:\"sessionLength\";s:4:\"long\";}',1343153064),('12821169f3504d6fdc06431b0c1f4d48','2011-07-25 18:04:26','a:1:{s:13:\"sessionLength\";s:4:\"long\";}',1343153066),('6bf2b788a2abb2868a85227564561a86','2011-07-25 18:09:19','a:1:{s:13:\"sessionLength\";s:4:\"long\";}',1343153360),('3d5dfa746d67b721fddadebbf8b489ce','2011-07-25 18:09:29','a:1:{s:13:\"sessionLength\";s:4:\"long\";}',1343153369),('9cd07eddebfc1cf7be1fae2466aaeb92','2011-07-25 18:09:31','a:1:{s:13:\"sessionLength\";s:4:\"long\";}',1343153372),('d7bb02817471a8be5b0036cff223941a','2011-07-25 18:09:35','a:1:{s:13:\"sessionLength\";s:4:\"long\";}',1343153376),('1919be3e2493c440c64640e13ccbf100','2011-07-25 18:09:38','a:1:{s:13:\"sessionLength\";s:4:\"long\";}',1343153379),('e3b358e24d891fafd30203ef651a4ee2','2011-07-25 18:09:41','a:1:{s:13:\"sessionLength\";s:4:\"long\";}',1343153382),('ea5478fd699665e738935c78e9693fb6','2011-07-25 18:09:43','a:1:{s:13:\"sessionLength\";s:4:\"long\";}',1343153384),('3baeb0b3b9d693439ee06864ce2c30d4','2011-07-25 18:09:45','a:1:{s:13:\"sessionLength\";s:4:\"long\";}',1343153385),('8d077a2ea8a0804328d126bcce322b16','2011-07-25 18:09:49','a:1:{s:13:\"sessionLength\";s:4:\"long\";}',1343153389),('7a752b1effbfc928f6289079662a9439','2011-07-25 18:09:55','a:1:{s:13:\"sessionLength\";s:4:\"long\";}',1343153396),('1d3ad943f34d92cbf586c83b70b1fc09','2011-07-25 18:09:57','a:1:{s:13:\"sessionLength\";s:4:\"long\";}',1343153398),('acb265c555a4e45f36ceeb4ec72397e9','2011-07-25 20:55:32','a:1:{s:13:\"sessionLength\";s:4:\"long\";}',1343163332),('f18faacdf3b2fa92c4ed845a52079675','2011-07-25 18:48:47','a:1:{s:13:\"sessionLength\";s:4:\"long\";}',1343155728),('a28cce47c991f692a286ab10349b6e9c','2011-07-25 19:02:14','a:1:{s:13:\"sessionLength\";s:4:\"long\";}',1343156534),('738447f02fa125cb24194c433315f3b5','2011-07-25 19:14:18','a:1:{s:13:\"sessionLength\";s:4:\"long\";}',1343157258),('ac7c3b7aea0202d6264b39bd84bc0575','2011-07-25 19:14:23','a:1:{s:13:\"sessionLength\";s:4:\"long\";}',1343157264),('896473a78d08c065646fbf5271dfe9d6','2011-07-31 21:24:29','a:1:{s:13:\"sessionLength\";s:4:\"long\";}',1343683470),('7570dd8328adb14d126c51de3605f8a0','2011-07-25 19:30:05','a:1:{s:13:\"sessionLength\";s:4:\"long\";}',1343158206),('0143322103ada47d51a7687374ac3611','2011-07-25 19:47:03','a:1:{s:13:\"sessionLength\";s:4:\"long\";}',1343159223),('9328721480ac4f192e7b994ffc2a0938','2011-07-25 19:50:11','a:1:{s:13:\"sessionLength\";s:4:\"long\";}',1343159412),('8e276b924533c051be704d3df3901275','2011-07-25 19:50:12','a:1:{s:13:\"sessionLength\";s:4:\"long\";}',1343159413),('3f1aa9dafa85deaf3813576df371e1c9','2011-07-25 19:50:13','a:1:{s:13:\"sessionLength\";s:4:\"long\";}',1343159414),('dce9ecaf4f5f94ef8ab90542fcd11570','2011-07-25 19:50:15','a:1:{s:13:\"sessionLength\";s:4:\"long\";}',1343159415),('fc04d660ac95530391333d9b6dc4218e','2011-07-25 19:50:22','a:1:{s:13:\"sessionLength\";s:4:\"long\";}',1343159423),('9594b6db30e618e7e6ae24227452a467','2011-07-25 19:50:26','a:1:{s:13:\"sessionLength\";s:4:\"long\";}',1343159426),('5d2747e96803f96a44579eb9c768fdc9','2011-07-25 19:50:28','a:1:{s:13:\"sessionLength\";s:4:\"long\";}',1343159429),('b433bc0a5244ee09b02cf092f1a53e83','2011-07-25 19:50:32','a:1:{s:13:\"sessionLength\";s:4:\"long\";}',1343159433),('7fe38e0b0278cb6769cc0240e81c2de0','2011-08-01 20:45:25','a:1:{s:13:\"sessionLength\";s:4:\"long\";}',1343767526),('e7724019783d8359ae57a9681e3f6719','2011-07-25 20:37:07','a:1:{s:13:\"sessionLength\";s:4:\"long\";}',1343162227),('2f2217ea80f73dda411ed655fc4ec511','2011-07-25 20:53:47','a:1:{s:13:\"sessionLength\";s:4:\"long\";}',1343163228),('653e819c6f10a952bd9b2c7d4118ca87','2011-07-25 23:12:14','a:1:{s:13:\"sessionLength\";s:4:\"long\";}',1343171535),('fd72b9561b315ce43ed00a12ea3cb55a','2011-07-26 01:14:07','a:1:{s:13:\"sessionLength\";s:4:\"long\";}',1343178847),('10c01159e1b5f47520b16e0999aa1db9','2011-07-25 23:46:13','a:1:{s:13:\"sessionLength\";s:4:\"long\";}',1343173574),('f141cae7e17d76ba7b63ff3cf10aacaa','2011-07-26 00:24:31','a:1:{s:13:\"sessionLength\";s:4:\"long\";}',1343175871),('44b04421d4ce2dc547fd73dcf8e560e1','2011-07-26 00:35:57','a:1:{s:13:\"sessionLength\";s:4:\"long\";}',1343176557),('8b3c74a0f352c25791c2036579dc729a','2011-07-26 00:28:30','a:1:{s:13:\"sessionLength\";s:4:\"long\";}',1343176111),('3a5e9ce1126c6dea00a7fd5b0aecf4b6','2011-07-26 00:38:57','a:1:{s:13:\"sessionLength\";s:4:\"long\";}',1343176738),('37763848e63390468578dee41afbd96d','2011-07-26 00:37:07','a:1:{s:13:\"sessionLength\";s:4:\"long\";}',1343176627),('e2a62fcd7e159300825efdd781b281b4','2011-07-26 00:37:50','a:1:{s:13:\"sessionLength\";s:4:\"long\";}',1343176671),('e4016484f699dad96d597a39c88f2a09','2011-07-26 00:38:20','a:1:{s:13:\"sessionLength\";s:4:\"long\";}',1343176701),('1ae6a5858cf470765a48f0e8540205d3','2011-07-26 00:38:32','a:1:{s:13:\"sessionLength\";s:4:\"long\";}',1343176712),('7f54ff648cb1c56d37added28fd63def','2011-07-26 00:38:40','a:1:{s:13:\"sessionLength\";s:4:\"long\";}',1343176721),('0850de43b298bd69c66d80d75329d71e','2011-07-26 02:18:57','a:1:{s:13:\"sessionLength\";s:4:\"long\";}',1343182737),('7c8d87fd2ddc6b85299e75cc1e9aee03','2011-07-26 02:58:01','a:1:{s:13:\"sessionLength\";s:4:\"long\";}',1343185082),('e699fb15ab28e412d6449abbad09bf46','2011-07-26 03:40:59','a:1:{s:13:\"sessionLength\";s:4:\"long\";}',1343187659),('0e22479988feda6973eb8f5526879be4','2011-07-26 04:18:05','a:1:{s:13:\"sessionLength\";s:4:\"long\";}',1343189885),('af826c27191f73fcfbae3af6ff38a757','2011-07-26 04:18:09','a:1:{s:13:\"sessionLength\";s:4:\"long\";}',1343189890),('c5137c81ea72e028770ba1c119fd9e7b','2011-07-26 04:18:10','a:1:{s:13:\"sessionLength\";s:4:\"long\";}',1343189890),('47a7ff098d03d786824b18bd38c7dce9','2011-07-26 04:18:10','a:1:{s:13:\"sessionLength\";s:4:\"long\";}',1343189890),('37fa8fd37cd5352e2eb3965b5b1225e1','2011-07-26 04:18:10','a:1:{s:13:\"sessionLength\";s:4:\"long\";}',1343189891),('4b1ae38423eedbd5735f69aa74b29ca9','2011-07-26 04:18:37','a:1:{s:13:\"sessionLength\";s:4:\"long\";}',1343189918),('425bd38c5e68e05c81d0fb0e37a64331','2011-07-26 04:18:54','a:1:{s:13:\"sessionLength\";s:4:\"long\";}',1343189934),('c2c41ea546911adc04e2bca5b8a05056','2011-07-26 04:19:25','a:1:{s:13:\"sessionLength\";s:4:\"long\";}',1343189965),('eb03875f7946b6917e4c2c5d1b1e9f5c','2011-07-26 04:19:25','a:1:{s:13:\"sessionLength\";s:4:\"long\";}',1343189965),('59678a3ba94ccfa9ac9929c5d21e28cd','2011-07-26 04:19:25','a:1:{s:13:\"sessionLength\";s:4:\"long\";}',1343189966),('a1403e13b1f09989b8680f552a9b414a','2011-07-26 05:22:39','a:1:{s:13:\"sessionLength\";s:4:\"long\";}',1343193760),('8507b295b2763ed23dbd2620dbff4a3b','2011-07-26 05:25:13','a:1:{s:13:\"sessionLength\";s:4:\"long\";}',1343193914),('7874bdc517e104f10e70771ff7fc4ff0','2011-07-26 07:41:51','a:1:{s:13:\"sessionLength\";s:4:\"long\";}',1343202111),('1b5bca8f41f385794b7e73f704f28b5d','2011-07-26 07:41:44','a:1:{s:13:\"sessionLength\";s:4:\"long\";}',1343202104),('f6cb8848bdfb8a7823fb536523ac04e1','2011-07-26 12:44:49','a:1:{s:13:\"sessionLength\";s:4:\"long\";}',1343220290),('714ea7edb422a0af1db8c8b9f9443734','2011-07-26 08:23:43','a:1:{s:13:\"sessionLength\";s:4:\"long\";}',1343204623),('1931dc70f3fa57599c90b837c3cfd9c1','2011-07-26 09:24:48','a:1:{s:13:\"sessionLength\";s:4:\"long\";}',1343208288),('31fac2ead6a84bb0467a34b6608769eb','2011-07-26 09:25:02','a:1:{s:13:\"sessionLength\";s:4:\"long\";}',1343208302),('3e611ef4d57dffe3c20ce33c103ca54c','2011-07-26 09:25:56','a:1:{s:13:\"sessionLength\";s:4:\"long\";}',1343208357),('1ca96bafa1e81609b4b9008ecde51d0b','2011-07-26 09:25:59','a:1:{s:13:\"sessionLength\";s:4:\"long\";}',1343208359),('9e9d87f110b3cd6eda75447a1329b2bc','2011-07-26 09:26:01','a:1:{s:13:\"sessionLength\";s:4:\"long\";}',1343208361),('0185f181632e837a9195d44da16bf047','2011-07-26 09:26:01','a:1:{s:13:\"sessionLength\";s:4:\"long\";}',1343208362),('9fe30a59e242a3ebe6cf24060d7b93bb','2011-07-26 09:26:02','a:1:{s:13:\"sessionLength\";s:4:\"long\";}',1343208363),('80ad76f22f89c4c8ae4f3f63fe451d7f','2011-07-26 09:26:04','a:1:{s:13:\"sessionLength\";s:4:\"long\";}',1343208364),('9ed029b4dc287da2c3224f92ca9afe6d','2011-07-26 09:26:46','a:1:{s:13:\"sessionLength\";s:4:\"long\";}',1343208406),('b70c2f488c64a821c7a1f68c5f6c1c66','2011-07-26 12:38:08','a:1:{s:13:\"sessionLength\";s:4:\"long\";}',1343219889),('1115270bcb6048902f9a1a05226c2fe8','2011-07-26 12:42:22','a:1:{s:13:\"sessionLength\";s:4:\"long\";}',1343220142),('a23619d77ec9ebb6ecb2a77a09c4f9b5','2011-07-26 12:43:24','a:1:{s:13:\"sessionLength\";s:4:\"long\";}',1343220204),('cc4e6ae8327d9239a70ed88f2eb85dd2','2011-07-26 12:43:58','a:1:{s:13:\"sessionLength\";s:4:\"long\";}',1343220238),('06d41a1252e0f8ecb04ec2171b8b189e','2011-07-26 12:44:45','a:1:{s:13:\"sessionLength\";s:4:\"long\";}',1343220286),('6950a474b9e18a95ecd5f83fd5e23a5a','2011-07-26 13:08:34','a:1:{s:13:\"sessionLength\";s:4:\"long\";}',1343221715),('21f4074eb8cab78e2c9373d0fadf5185','2011-07-26 19:42:21','a:1:{s:13:\"sessionLength\";s:4:\"long\";}',1343245341),('d374a1416d9be13042233fcd7916f82a','2011-07-26 13:26:01','a:1:{s:13:\"sessionLength\";s:4:\"long\";}',1343222761),('0024ffa0023554bf359f786230746ade','2011-07-26 13:25:15','a:1:{s:13:\"sessionLength\";s:4:\"long\";}',1343222715),('80138732ec27980148e4e52a84a6b86f','2011-07-26 13:25:20','a:1:{s:13:\"sessionLength\";s:4:\"long\";}',1343222721),('9afb7d9fce2ca9787a3e656979887168','2011-07-26 13:25:25','a:1:{s:13:\"sessionLength\";s:4:\"long\";}',1343222725),('d0631f31519d777c5d3b72d8bb341d4a','2011-07-26 13:26:04','a:1:{s:13:\"sessionLength\";s:4:\"long\";}',1343222764),('f16157bc64edaf7d91b3062a581687b0','2011-07-26 14:02:17','a:1:{s:13:\"sessionLength\";s:4:\"long\";}',1343224938),('ddcd278bc29fe1e2a18308878afc84b9','2011-07-26 15:20:49','a:1:{s:13:\"sessionLength\";s:4:\"long\";}',1343229649),('b2c134658fcb7e3142f6cd10b2243b60','2011-07-26 15:47:28','a:1:{s:13:\"sessionLength\";s:4:\"long\";}',1343231249),('a739e349462569f335a93e2f503a44fa','2011-07-26 16:11:08','a:1:{s:13:\"sessionLength\";s:4:\"long\";}',1343232669),('e365439ca73d34cae10b0ed49cf00ad3','2011-07-26 16:12:58','a:1:{s:13:\"sessionLength\";s:4:\"long\";}',1343232778),('8cd63e42ae49a01a8b585ac67409f643','2011-07-26 16:12:06','a:1:{s:13:\"sessionLength\";s:4:\"long\";}',1343232726),('21854da28ede18e43642207f0d056122','2011-07-26 16:12:54','a:1:{s:13:\"sessionLength\";s:4:\"long\";}',1343232774),('7f3e6982b9a714699518124d41db9ad1','2011-07-26 16:13:00','a:1:{s:13:\"sessionLength\";s:4:\"long\";}',1343232780),('0590ac5ce475779522babeecf27f51a2','2011-07-26 16:13:01','a:1:{s:13:\"sessionLength\";s:4:\"long\";}',1343232781),('cb9000e3276e862400eb84d83a9cb212','2011-07-26 16:13:23','a:1:{s:13:\"sessionLength\";s:4:\"long\";}',1343232803),('b250089e2cc1d4b6c35b7f0a15735757','2011-07-26 16:13:28','a:1:{s:13:\"sessionLength\";s:4:\"long\";}',1343232808),('e13617620bae03a7770bddf9b63994a3','2011-07-26 16:13:28','a:1:{s:13:\"sessionLength\";s:4:\"long\";}',1343232809),('61c1e694b330f66f29b58168a27d9da4','2011-07-26 16:13:30','a:1:{s:13:\"sessionLength\";s:4:\"long\";}',1343232810),('644d197e0d99427ffad0e415fb876f8f','2011-07-26 16:13:31','a:1:{s:13:\"sessionLength\";s:4:\"long\";}',1343232811),('d884145739e08248c1adbb64d5d2f547','2011-07-26 16:13:32','a:1:{s:13:\"sessionLength\";s:4:\"long\";}',1343232813),('851f27d7ffd012b8ac745f758a236f47','2011-07-26 16:13:34','a:1:{s:13:\"sessionLength\";s:4:\"long\";}',1343232814),('4ba6d6f01ea33b513bda108107aa463c','2011-07-26 16:13:35','a:1:{s:13:\"sessionLength\";s:4:\"long\";}',1343232815),('bc8ecfec326dc6ce7117758f75f68651','2011-07-26 16:13:39','a:1:{s:13:\"sessionLength\";s:4:\"long\";}',1343232820),('adc7b72f86cb444c1c284f2eb3b86bb3','2011-07-26 16:13:41','a:1:{s:13:\"sessionLength\";s:4:\"long\";}',1343232822),('880ca209f9935ec9635cf4d985fa3e8f','2011-07-26 16:13:43','a:1:{s:13:\"sessionLength\";s:4:\"long\";}',1343232823),('9698ec48b77ee17753f00995c5b48058','2011-07-26 16:13:44','a:1:{s:13:\"sessionLength\";s:4:\"long\";}',1343232825),('16ec5a7c2e5e7243b11e103be7182662','2011-07-26 16:13:46','a:1:{s:13:\"sessionLength\";s:4:\"long\";}',1343232826),('09bc455cdf6d2867f869319f8055abee','2011-07-26 16:13:47','a:1:{s:13:\"sessionLength\";s:4:\"long\";}',1343232828),('e073b40f0989fb1640b94aa911117b30','2011-07-26 16:13:49','a:1:{s:13:\"sessionLength\";s:4:\"long\";}',1343232829),('5e1b41a4df985149b195e3567ca64771','2011-07-26 16:13:52','a:1:{s:13:\"sessionLength\";s:4:\"long\";}',1343232832),('eb8856b63a96f5848fcda8615d1ae709','2011-07-26 16:18:29','a:1:{s:13:\"sessionLength\";s:4:\"long\";}',1343233110),('58666ef26b3d47df64b5e59f5fb720fa','2011-07-26 16:15:37','a:1:{s:13:\"sessionLength\";s:4:\"long\";}',1343232937),('e3ad91588fcba40ae81006650bbbb1f2','2011-07-26 16:16:07','a:1:{s:13:\"sessionLength\";s:4:\"long\";}',1343232968),('a7d8e2195814f4dd6138830a32c9d4ee','2011-07-26 16:16:23','a:1:{s:13:\"sessionLength\";s:4:\"long\";}',1343232983),('a92417fcaf70ffea1bc911dd249d9ac4','2011-07-26 16:16:24','a:1:{s:13:\"sessionLength\";s:4:\"long\";}',1343232984),('bf562293659635c173417e8d5ced85ed','2011-07-26 16:16:25','a:1:{s:13:\"sessionLength\";s:4:\"long\";}',1343232986),('1b8e99381fbee5b33c36ce3cc0dcd53e','2011-07-26 16:16:26','a:1:{s:13:\"sessionLength\";s:4:\"long\";}',1343232987),('d6aff9d790757f7889bc9fba5416d87e','2011-07-26 16:16:27','a:1:{s:13:\"sessionLength\";s:4:\"long\";}',1343232988),('e6e34fb40a8beb44eec6bed9dfd3c0e7','2011-07-26 16:16:29','a:1:{s:13:\"sessionLength\";s:4:\"long\";}',1343232989),('110f4df175a4698134be8640858373c6','2011-07-26 16:16:30','a:1:{s:13:\"sessionLength\";s:4:\"long\";}',1343232990),('435740546cfd2668f4dc7b4e4332a216','2011-07-27 08:18:16','a:1:{s:13:\"sessionLength\";s:4:\"long\";}',1343290697),('7950d3832b0c8686ead8dc2d5096bf19','2011-07-26 16:18:18','a:1:{s:13:\"sessionLength\";s:4:\"long\";}',1343233099),('f8f84f1114d6a0ec8fe6ef8fbfc75394','2011-08-01 17:52:25','a:1:{s:13:\"sessionLength\";s:4:\"long\";}',1343757146),('6acca442eae34aec60bb18e9906d6c06','2011-07-26 16:36:02','a:1:{s:13:\"sessionLength\";s:4:\"long\";}',1343234163),('82977e44bcb4558aa5bb042ee2b81f85','2011-07-26 18:16:52','a:1:{s:13:\"sessionLength\";s:4:\"long\";}',1343240213),('4ca8d627e0f1065c0329bc76e0cea511','2011-07-26 18:31:17','a:1:{s:13:\"sessionLength\";s:4:\"long\";}',1343241078),('28049c7a9151a6e0c3ad8201654ad907','2011-07-26 18:31:43','a:1:{s:13:\"sessionLength\";s:4:\"long\";}',1343241103),('82967732b33082113dc05d753c0c0c10','2011-07-26 19:02:53','a:1:{s:13:\"sessionLength\";s:4:\"long\";}',1343242974),('9a44b0491ebcfeb7f6d3b559289143ce','2011-07-26 19:03:09','a:1:{s:13:\"sessionLength\";s:4:\"long\";}',1343242989),('49ca0be7ef02b26ff2a5921180f80208','2011-07-26 19:03:35','a:1:{s:13:\"sessionLength\";s:4:\"long\";}',1343243016),('02a7dab28aff31d22891106502bb3fde','2011-07-26 19:03:39','a:1:{s:13:\"sessionLength\";s:4:\"long\";}',1343243019),('b21d44a321846bdc47f8b6e1d8f06965','2011-07-26 19:03:51','a:1:{s:13:\"sessionLength\";s:4:\"long\";}',1343243032),('ce3724a2f0898a612f11f532fc97b038','2011-07-26 19:03:52','a:1:{s:13:\"sessionLength\";s:4:\"long\";}',1343243032),('fa4f5f6b3ae02afcf4d08ac247389332','2011-07-26 19:03:55','a:1:{s:13:\"sessionLength\";s:4:\"long\";}',1343243036),('8e9f78c9afe2a6036d02f2e5aa923826','2011-07-26 19:04:35','a:1:{s:13:\"sessionLength\";s:4:\"long\";}',1343243076),('bdd236a14ee8d6ad00b9d5ce82b8fca6','2011-07-26 19:04:35','a:1:{s:13:\"sessionLength\";s:4:\"long\";}',1343243076),('490e2a131b52c7e2c60e581221032d95','2011-07-26 19:05:01','a:1:{s:13:\"sessionLength\";s:4:\"long\";}',1343243101),('643f37d8ee78e117bc0a701a9aa6cfc1','2011-07-26 19:05:02','a:1:{s:13:\"sessionLength\";s:4:\"long\";}',1343243102),('44bffceddf522f362b1b661e5d440cce','2011-07-26 19:05:03','a:1:{s:13:\"sessionLength\";s:4:\"long\";}',1343243103),('318944c6bdcb346dbd1606918e9bb84d','2011-07-26 19:05:04','a:1:{s:13:\"sessionLength\";s:4:\"long\";}',1343243105),('ca2d704af9b8994c980150690ff34b3f','2011-07-26 19:05:04','a:1:{s:13:\"sessionLength\";s:4:\"long\";}',1343243105),('bcac3e08fd359b0e5c4ffc90ef760681','2011-07-26 19:05:04','a:1:{s:13:\"sessionLength\";s:4:\"long\";}',1343243105),('3d1a4f4308c93440e815d51312d5e2b4','2011-07-26 19:05:04','a:1:{s:13:\"sessionLength\";s:4:\"long\";}',1343243105),('f215969c6ecdae77fc4713a20015dc63','2011-07-26 19:05:05','a:1:{s:13:\"sessionLength\";s:4:\"long\";}',1343243105),('ec0d6b91c1231ee460db1aa377d10d0b','2011-07-26 19:05:05','a:1:{s:13:\"sessionLength\";s:4:\"long\";}',1343243105),('1f8918ee2565c8d41d8afd204ffc960e','2011-07-26 22:19:05','a:1:{s:13:\"sessionLength\";s:4:\"long\";}',1343254745),('fd59329f81e9bdb7bb5681181b0e529c','2011-07-26 22:27:13','a:1:{s:13:\"sessionLength\";s:4:\"long\";}',1343255234),('a7f1f27d184d2bb27db19f88652695f3','2011-07-26 22:28:17','a:1:{s:13:\"sessionLength\";s:4:\"long\";}',1343255298),('45a97693939feb1779b649078f122724','2011-07-26 22:28:23','a:1:{s:13:\"sessionLength\";s:4:\"long\";}',1343255304),('eabd623e04ef07fb00ca63bcb48764e4','2011-07-26 22:28:28','a:1:{s:13:\"sessionLength\";s:4:\"long\";}',1343255309),('f60c680fdbb6e5ab0f33769ddf84caf7','2011-07-26 22:28:29','a:1:{s:13:\"sessionLength\";s:4:\"long\";}',1343255309),('3e8c397d64b82119f57954d6d9783955','2011-07-26 22:28:30','a:1:{s:13:\"sessionLength\";s:4:\"long\";}',1343255311),('a938aac552a6035c821a7abe2197d1bc','2011-07-26 22:28:34','a:1:{s:13:\"sessionLength\";s:4:\"long\";}',1343255315),('52bd89974060549b38b5342ba36b4ff1','2011-07-26 22:28:38','a:1:{s:13:\"sessionLength\";s:4:\"long\";}',1343255319),('5b1a44efbaccb31928cba53926005da9','2011-07-26 22:42:35','a:1:{s:13:\"sessionLength\";s:4:\"long\";}',1343256156),('663686d852b62faa4e638aabd05c9f08','2011-07-26 22:48:22','a:1:{s:13:\"sessionLength\";s:4:\"long\";}',1343256503),('cfc4b97b32a53d2381cd394261561dcf','2011-07-26 23:51:56','a:1:{s:13:\"sessionLength\";s:4:\"long\";}',1343260317),('73f0854e4f3620fd24771b9169c1b157','2011-07-27 00:03:58','a:1:{s:13:\"sessionLength\";s:4:\"long\";}',1343261038),('7ccd36cb3e00513cdaf4ad9d869d1357','2011-07-27 02:45:10','a:1:{s:13:\"sessionLength\";s:4:\"long\";}',1343270710),('3ef424d073177df4b3efdbcebbfa1029','2011-07-27 04:53:10','a:1:{s:13:\"sessionLength\";s:4:\"long\";}',1343278391),('3fb6cb8b7b505fcfb7459b0c563e5b26','2011-07-27 04:59:07','a:1:{s:13:\"sessionLength\";s:4:\"long\";}',1343278747),('1bc37d9e9fec98245c90505e5e9cd4d1','2011-07-27 05:00:05','a:1:{s:13:\"sessionLength\";s:4:\"long\";}',1343278806),('8681997debfda4a3629d4435d337263e','2011-07-27 05:00:06','a:1:{s:13:\"sessionLength\";s:4:\"long\";}',1343278806),('fe953290b68eadd54ea68dcdc77c0e89','2011-07-27 05:00:25','a:1:{s:13:\"sessionLength\";s:4:\"long\";}',1343278825),('ee7fec831ec57c49b57d6329bfb3852d','2011-07-27 05:00:39','a:1:{s:13:\"sessionLength\";s:4:\"long\";}',1343278839),('9a7668857f829e90417bca1a78c8c662','2011-07-27 05:01:18','a:1:{s:13:\"sessionLength\";s:4:\"long\";}',1343278878),('6226ce9de0efda3904e13a3ad3c9f273','2011-07-27 05:01:18','a:1:{s:13:\"sessionLength\";s:4:\"long\";}',1343278879),('027eeeda2b6d45811ffa5234f29769e5','2011-07-27 05:01:59','a:1:{s:13:\"sessionLength\";s:4:\"long\";}',1343278920),('84699bd76938f7a67c5a4fe28bbc5246','2011-07-27 05:01:59','a:1:{s:13:\"sessionLength\";s:4:\"long\";}',1343278920),('0d50bf030ab89e7c98621c7d63e5550f','2011-07-27 05:07:06','a:1:{s:13:\"sessionLength\";s:4:\"long\";}',1343279227),('849599e1e7fbbc2cff85f6df0ed22185','2011-07-27 05:24:22','a:1:{s:13:\"sessionLength\";s:4:\"long\";}',1343280263),('df212996f34006bfcb5a65087ab11ce4','2011-07-27 05:38:38','a:1:{s:13:\"sessionLength\";s:4:\"long\";}',1343281119),('1e0cd0ccac97a4a0484ba4b477867759','2011-07-27 06:00:35','a:1:{s:13:\"sessionLength\";s:4:\"long\";}',1343282436),('12c646bb977783f94457b648a06e2e09','2011-07-27 06:20:12','a:1:{s:13:\"sessionLength\";s:4:\"long\";}',1343283613),('ee12e0bc70796e429e54bb9fd6a4e222','2011-07-27 06:23:13','a:1:{s:13:\"sessionLength\";s:4:\"long\";}',1343283794),('293ce123a346c76dab67ae65e17976f0','2011-07-27 06:32:55','a:1:{s:13:\"sessionLength\";s:4:\"long\";}',1343284375),('e38def4aedc67727bd28e05bcfa83a88','2011-07-27 06:41:21','a:1:{s:13:\"sessionLength\";s:4:\"long\";}',1343284882),('d3c7742d2a9ac47450620ddc60286a38','2011-07-27 06:51:22','a:1:{s:13:\"sessionLength\";s:4:\"long\";}',1343285482),('ff34a8f2834b194f06f1ae05d4f92b96','2011-07-27 06:58:54','a:1:{s:13:\"sessionLength\";s:4:\"long\";}',1343285935),('8bad23380aa5a336a6d5de734956abb3','2011-07-27 07:07:18','a:1:{s:13:\"sessionLength\";s:4:\"long\";}',1343286439),('6c7473ed2e3f9cc0ce3621c27596dac7','2011-07-27 07:28:17','a:1:{s:13:\"sessionLength\";s:4:\"long\";}',1343287698),('2eaeda526b5b2d757112561d62209400','2011-07-27 07:50:57','a:1:{s:13:\"sessionLength\";s:4:\"long\";}',1343289058),('b5a78ab3d6cb0714fd1143244a0e8ee7','2011-07-27 08:00:04','a:1:{s:13:\"sessionLength\";s:4:\"long\";}',1343289605),('8711ab282300fc3e67753ff9b0ab58bc','2011-07-27 08:09:28','a:1:{s:13:\"sessionLength\";s:4:\"long\";}',1343290169),('9b39341dfceaacc40699f483768e56c5','2011-07-27 08:08:25','a:1:{s:13:\"sessionLength\";s:4:\"long\";}',1343290106),('d840ef2dfcae10fcec1372c94b89ae6c','2011-07-27 08:08:50','a:1:{s:13:\"sessionLength\";s:4:\"long\";}',1343290130),('40a3b3eda14d243661c3ff8969e19017','2011-07-27 08:08:55','a:1:{s:13:\"sessionLength\";s:4:\"long\";}',1343290135),('531450a80cb8e62a61cce304ef98c8dd','2011-07-27 08:08:59','a:1:{s:13:\"sessionLength\";s:4:\"long\";}',1343290140),('2e687e3eb06bf939848ae6798389473c','2011-07-27 08:09:01','a:1:{s:13:\"sessionLength\";s:4:\"long\";}',1343290142),('16650b8368e3b8b6e3697b4c43b21283','2011-07-27 08:09:07','a:1:{s:13:\"sessionLength\";s:4:\"long\";}',1343290147),('753dcebf1ede42f7156578e683b83dd2','2011-07-27 08:09:10','a:1:{s:13:\"sessionLength\";s:4:\"long\";}',1343290150),('546b0a36c6647951e2d16d6d7866a445','2011-07-27 08:09:16','a:1:{s:13:\"sessionLength\";s:4:\"long\";}',1343290156),('eb1f972f55f1861ec820bf3c167328e9','2011-07-27 08:09:16','a:1:{s:13:\"sessionLength\";s:4:\"long\";}',1343290157),('48a1279436ed7007ef67dc73d78a4870','2011-07-27 08:09:21','a:1:{s:13:\"sessionLength\";s:4:\"long\";}',1343290161),('577c429e0dd90c7ec84efa1c35ee33a5','2011-07-27 08:09:23','a:1:{s:13:\"sessionLength\";s:4:\"long\";}',1343290164),('ee879f3afdb16c951fa8fdeac8cac8a3','2011-07-27 08:09:28','a:1:{s:13:\"sessionLength\";s:4:\"long\";}',1343290169),('3ea23cb1c656a2d06524dda4c14599c7','2011-07-27 08:09:30','a:1:{s:13:\"sessionLength\";s:4:\"long\";}',1343290170),('314fc65d7e42f4fabb1501b11d45a2c0','2011-07-27 08:09:44','a:1:{s:13:\"sessionLength\";s:4:\"long\";}',1343290184),('1c86076edacdad2bcb0b43250a5958bd','2011-07-27 08:15:36','a:1:{s:13:\"sessionLength\";s:4:\"long\";}',1343290536),('4245240bdd7c4c46c8c0bc07efa132a7','2011-07-27 08:15:42','a:1:{s:13:\"sessionLength\";s:4:\"long\";}',1343290542),('0d2cdbccae5ffb9af09fd819d8a49837','2011-07-27 08:15:47','a:1:{s:13:\"sessionLength\";s:4:\"long\";}',1343290547),('25c67d93b75f5ffd0718c92286d5b429','2011-07-27 08:15:48','a:1:{s:13:\"sessionLength\";s:4:\"long\";}',1343290548),('45f77c241d643dd13ca50e424af12eb3','2011-07-27 08:15:49','a:1:{s:13:\"sessionLength\";s:4:\"long\";}',1343290550),('82df10d3e61a3e5c2e97ce0aee3f5908','2011-07-27 08:15:50','a:1:{s:13:\"sessionLength\";s:4:\"long\";}',1343290551),('f6d36351b62992af73d6933e9644cdd0','2011-07-27 08:16:13','a:1:{s:13:\"sessionLength\";s:4:\"long\";}',1343290573),('f32dae5179293e96272a93a1f41baeee','2011-07-27 08:31:16','a:1:{s:13:\"sessionLength\";s:4:\"long\";}',1343291476),('479a35682a8e2363626d1f55c926c012','2011-07-27 08:37:42','a:1:{s:13:\"sessionLength\";s:4:\"long\";}',1343291863),('33c3542c2e3023ad8844c7dac2919da5','2011-07-27 08:57:04','a:1:{s:13:\"sessionLength\";s:4:\"long\";}',1343293024),('340fc8012b42ad6e7763edf577d8b4f9','2011-07-27 09:25:32','a:1:{s:13:\"sessionLength\";s:4:\"long\";}',1343294733),('9886d13e6c93ee1aae117dcb15bbcbf9','2011-07-27 09:25:33','a:1:{s:13:\"sessionLength\";s:4:\"long\";}',1343294734),('6f6ea93eae1f9c07a4181b1b06209fe7','2011-07-27 09:47:54','a:1:{s:13:\"sessionLength\";s:4:\"long\";}',1343296074),('5ca3530c107238d5d55c76b1ea25737e','2011-07-27 10:15:21','a:1:{s:13:\"sessionLength\";s:4:\"long\";}',1343297722),('cfd0c9357e489303ac456cafd6e3ea0b','2011-07-27 10:40:12','a:1:{s:13:\"sessionLength\";s:4:\"long\";}',1343299212),('a1036571d270c7f2a4c28b770f405dac','2011-07-27 10:43:00','a:1:{s:13:\"sessionLength\";s:4:\"long\";}',1343299380),('ea3babe9d3f56ccc3ea973352a0bbe35','2011-07-27 10:57:26','a:1:{s:13:\"sessionLength\";s:4:\"long\";}',1343300246),('3b1abc62079bca5bd47fa606d05863bd','2011-07-27 10:56:27','a:1:{s:13:\"sessionLength\";s:4:\"long\";}',1343300188),('a2ba4bba7e782ddcf060544c4654e29e','2011-07-27 11:06:03','a:1:{s:13:\"sessionLength\";s:4:\"long\";}',1343300764),('71ae36de8714460e46ec6de5d10c10c5','2011-07-27 11:06:04','a:1:{s:13:\"sessionLength\";s:4:\"long\";}',1343300765),('d787c73fd768a5f706499def90bcebba','2011-07-27 11:22:10','a:1:{s:13:\"sessionLength\";s:4:\"long\";}',1343301730),('d0dddf2d7b5d5ecb77f2405cf7a6862d','2011-07-27 11:22:58','a:1:{s:13:\"sessionLength\";s:4:\"long\";}',1343301778),('7aec071cd5b0d41d7167fd57d620184a','2011-07-27 11:23:09','a:1:{s:13:\"sessionLength\";s:4:\"long\";}',1343301789),('d4bae5e287d45f1c042e0dbeb53c169b','2011-07-27 11:23:19','a:1:{s:13:\"sessionLength\";s:4:\"long\";}',1343301800),('6f7a11b0a1a761b5985360cc075c5975','2011-07-27 11:23:27','a:1:{s:13:\"sessionLength\";s:4:\"long\";}',1343301808),('67c48526045636d92d2e4c06a0e402db','2011-07-27 11:23:31','a:1:{s:13:\"sessionLength\";s:4:\"long\";}',1343301812),('0b657cd1a0f57d43c47b465d43bf11f0','2011-07-27 11:23:40','a:1:{s:13:\"sessionLength\";s:4:\"long\";}',1343301821),('b112c43f813777b7d9e14686b3ccec19','2011-07-27 11:23:44','a:1:{s:13:\"sessionLength\";s:4:\"long\";}',1343301824),('c45c442a3ef6860975cb6d9cf48aafed','2011-07-27 11:23:46','a:1:{s:13:\"sessionLength\";s:4:\"long\";}',1343301826),('9a4710020809788608ff9a29d4933236','2011-07-27 11:24:04','a:1:{s:13:\"sessionLength\";s:4:\"long\";}',1343301845),('e865abb7c93281956a85eb33620ad355','2011-07-27 11:27:02','a:1:{s:13:\"sessionLength\";s:4:\"long\";}',1343302023),('605bceea12aff4e590fcee4a2c7bcab8','2011-08-01 12:20:29','a:1:{s:13:\"sessionLength\";s:4:\"long\";}',1343737229),('94ae2d355cd5b1716fdcda9f786957c3','2011-07-27 11:25:08','a:1:{s:13:\"sessionLength\";s:4:\"long\";}',1343301908),('261f61b454a9cb721493ac93cd779f80','2011-07-27 11:25:17','a:1:{s:13:\"sessionLength\";s:4:\"long\";}',1343301918),('2da79b528e94295a6fa116bca71d4bc8','2011-07-27 11:25:28','a:1:{s:13:\"sessionLength\";s:4:\"long\";}',1343301928),('95cfce07697c632f540ed0ba4c3a3fb9','2011-07-27 11:25:30','a:1:{s:13:\"sessionLength\";s:4:\"long\";}',1343301931),('6c27ea522b613da1a837d5383834cec4','2011-07-27 11:25:42','a:1:{s:13:\"sessionLength\";s:4:\"long\";}',1343301943),('62b64ea102e3aadb072b50e6a6c48e61','2011-07-27 11:26:34','a:1:{s:13:\"sessionLength\";s:4:\"long\";}',1343301995),('78d98fd5cab869cdc8e52bcfb082c8c0','2011-07-27 11:28:10','a:1:{s:13:\"sessionLength\";s:4:\"long\";}',1343302091),('4322767b609b09c7a76bdfe0a75c865e','2011-07-27 11:28:13','a:1:{s:13:\"sessionLength\";s:4:\"long\";}',1343302093),('501a773eefc5cf01d64e694a8e011563','2011-07-27 11:53:13','a:1:{s:13:\"sessionLength\";s:4:\"long\";}',1343303593),('dee695f8d2dc56cfdf7b5a4c177e51bc','2011-07-27 12:09:44','a:1:{s:13:\"sessionLength\";s:4:\"long\";}',1343304585),('097f9af7cc1540b69bda8faa5603f9b1','2011-07-27 12:25:46','a:1:{s:13:\"sessionLength\";s:4:\"long\";}',1343305546),('a1fdc57dad2cb394e766ebf06b580ee1','2011-07-27 12:35:45','a:1:{s:13:\"sessionLength\";s:4:\"long\";}',1343306145),('67c126508ecc56168eb6df7ece0dcbf6','2011-07-27 12:36:51','a:1:{s:13:\"sessionLength\";s:4:\"long\";}',1343306212),('9b0c0bd6a10eccd21c76343dd3bdac20','2011-07-27 12:51:23','a:1:{s:13:\"sessionLength\";s:4:\"long\";}',1343307083),('3c69fa560640f66f9e71d5a3b9f10b6b','2011-07-27 13:19:25','a:1:{s:13:\"sessionLength\";s:4:\"long\";}',1343308765),('72cd403ad107b216a3ea3dccfec036ce','2011-07-27 13:19:30','a:1:{s:13:\"sessionLength\";s:4:\"long\";}',1343308770),('45271e45bc413f0a108df698908e9fdb','2011-07-27 13:25:30','a:1:{s:13:\"sessionLength\";s:4:\"long\";}',1343309130),('b739caf78f87de63b6cb8d96fbae5ec6','2011-07-27 13:31:23','a:1:{s:13:\"sessionLength\";s:4:\"long\";}',1343309484),('5b67eb7140c6d3219cd24eeb5978e39f','2011-07-27 13:55:36','a:1:{s:13:\"sessionLength\";s:4:\"long\";}',1343310937),('a646389b301282a2b59a5be89014542b','2011-07-27 14:02:33','a:1:{s:13:\"sessionLength\";s:4:\"long\";}',1343311354),('6991caa69d2c80c5f16d975d2df6d679','2011-07-27 14:04:43','a:1:{s:13:\"sessionLength\";s:4:\"long\";}',1343311483),('0e6daa3646d936486c347e7e17f4701e','2011-07-29 11:10:10','a:1:{s:13:\"sessionLength\";s:4:\"long\";}',1343473810),('1bb8a8aa5e6f30a80ff51054812d6353','2011-07-27 14:49:00','a:1:{s:13:\"sessionLength\";s:4:\"long\";}',1343314141),('adae37734f95de1939071c3f9d25ce6b','2011-07-27 14:59:36','a:1:{s:13:\"sessionLength\";s:4:\"long\";}',1343314776),('bde13fd09605ecc97d51975ec758e83a','2011-07-27 15:16:14','a:1:{s:13:\"sessionLength\";s:4:\"long\";}',1343315775),('0e908e496cbe421482219ed2ab8b787b','2011-07-27 15:25:13','a:1:{s:13:\"sessionLength\";s:4:\"long\";}',1343316313),('cd436ee802c3fa178cefbf56c80e9a7b','2011-07-27 15:25:20','a:1:{s:13:\"sessionLength\";s:4:\"long\";}',1343316320),('e7256b6c4dce78a8c18260a89d0d006f','2011-07-27 15:25:22','a:1:{s:13:\"sessionLength\";s:4:\"long\";}',1343316322),('b6164edb3dcaa29459b966e15094fae1','2011-07-27 15:25:23','a:1:{s:13:\"sessionLength\";s:4:\"long\";}',1343316324),('a9e727c7c9e683b1f7b61a7f660c06cb','2011-07-27 15:25:26','a:1:{s:13:\"sessionLength\";s:4:\"long\";}',1343316326),('1f885a013997ec938455d943e9b03176','2011-07-27 15:25:27','a:1:{s:13:\"sessionLength\";s:4:\"long\";}',1343316327),('db6222c96bbdbbf2d0e7763e012fec3a','2011-07-27 15:25:28','a:1:{s:13:\"sessionLength\";s:4:\"long\";}',1343316329),('595de945349bdc6c6e18e40f300e0984','2011-07-27 15:25:30','a:1:{s:13:\"sessionLength\";s:4:\"long\";}',1343316330),('c2712b80e44fa0cf025ee86ed4ab3399','2011-07-27 15:25:51','a:1:{s:13:\"sessionLength\";s:4:\"long\";}',1343316351),('77b6dae56f1f84c05e7cee3b2ffffeb9','2011-07-27 15:25:52','a:1:{s:13:\"sessionLength\";s:4:\"long\";}',1343316352),('12b51247a4007db306bd74b85393cd4b','2011-07-27 15:25:54','a:1:{s:13:\"sessionLength\";s:4:\"long\";}',1343316354),('a29d95dbeb153c17a6bbadb1eb07f068','2011-07-27 15:25:56','a:1:{s:13:\"sessionLength\";s:4:\"long\";}',1343316356),('db312c3e3526746cbb358ef3432ba604','2011-07-27 15:25:59','a:1:{s:13:\"sessionLength\";s:4:\"long\";}',1343316359),('fc83447596ac401a9053f4f1349d09a4','2011-07-27 15:26:00','a:1:{s:13:\"sessionLength\";s:4:\"long\";}',1343316361),('80da9ff5ad42559f32fc0a7e83607315','2011-07-27 15:26:02','a:1:{s:13:\"sessionLength\";s:4:\"long\";}',1343316363),('10722a65c7c0e5d1ab4c1b701c5e6da1','2011-07-27 15:26:06','a:1:{s:13:\"sessionLength\";s:4:\"long\";}',1343316366),('4312400202fd23a128d59378f5682f48','2011-07-27 15:26:12','a:1:{s:13:\"sessionLength\";s:4:\"long\";}',1343316372),('eed0fcd0a50ede144f4500b0ab0f9425','2011-07-27 15:26:14','a:1:{s:13:\"sessionLength\";s:4:\"long\";}',1343316375),('79287cdd90ae9aac38bfdd5992e4d269','2011-07-27 15:26:16','a:1:{s:13:\"sessionLength\";s:4:\"long\";}',1343316376),('f948b2a01de7edd4a660d49673e2ecfd','2011-07-27 15:26:17','a:1:{s:13:\"sessionLength\";s:4:\"long\";}',1343316378),('696f6a1789ef344d5c5b392f644dc338','2011-07-27 15:26:22','a:1:{s:13:\"sessionLength\";s:4:\"long\";}',1343316383),('c0ac1c83aafc4f43f57d2a49b7117cf7','2011-07-27 15:26:28','a:1:{s:13:\"sessionLength\";s:4:\"long\";}',1343316389),('00643a6213d25bca13ac1577f8e6fd8c','2011-07-27 15:26:31','a:1:{s:13:\"sessionLength\";s:4:\"long\";}',1343316391),('ffbfc797cdaf915eec2f410ceb0f5e8e','2011-07-27 15:26:41','a:1:{s:13:\"sessionLength\";s:4:\"long\";}',1343316402),('c713db3ac31cc0390d588ae6339f7986','2011-07-27 15:26:43','a:1:{s:13:\"sessionLength\";s:4:\"long\";}',1343316404),('b3dae44c48bffdaa03989186eed463f2','2011-07-27 15:26:46','a:1:{s:13:\"sessionLength\";s:4:\"long\";}',1343316407),('d5987d34b7ede862dd0e81dcf771df8d','2011-07-27 15:26:48','a:1:{s:13:\"sessionLength\";s:4:\"long\";}',1343316409),('2d3704dfc9d95277dd21a4ec91fcef82','2011-07-27 15:26:51','a:1:{s:13:\"sessionLength\";s:4:\"long\";}',1343316411),('efa1040390334015d4ba239b9b155156','2011-07-27 15:26:55','a:1:{s:13:\"sessionLength\";s:4:\"long\";}',1343316415),('e3ff38c14f8985c0c762ce14d376d07b','2011-07-27 15:26:57','a:1:{s:13:\"sessionLength\";s:4:\"long\";}',1343316417),('912363e7805d20efdf2b4f5069d11013','2011-07-27 15:26:58','a:1:{s:13:\"sessionLength\";s:4:\"long\";}',1343316419),('d2410952be24a2f5258cc4f5c64c1eaf','2011-07-27 15:26:59','a:1:{s:13:\"sessionLength\";s:4:\"long\";}',1343316420),('6cef8d29e494ea5a85e8abb9f0c31877','2011-07-27 15:27:01','a:1:{s:13:\"sessionLength\";s:4:\"long\";}',1343316421),('5c4d60b1b55f1c55dcc11078d5d6b107','2011-07-27 15:27:02','a:1:{s:13:\"sessionLength\";s:4:\"long\";}',1343316422),('7d2b039fbb91ac2882083a17697996ba','2011-07-27 15:27:03','a:1:{s:13:\"sessionLength\";s:4:\"long\";}',1343316424),('396638db82e46099710c15672b07f5ab','2011-07-27 15:27:05','a:1:{s:13:\"sessionLength\";s:4:\"long\";}',1343316426),('0545abbfd9c2fbfa0e0c79e2ad49b3fe','2011-07-27 15:29:38','a:1:{s:13:\"sessionLength\";s:4:\"long\";}',1343316578),('6c8752d0f14279f6f7db760648bbf03e','2011-07-27 15:29:49','a:1:{s:13:\"sessionLength\";s:4:\"long\";}',1343316590),('195236a19052e74840dca2d33f1d15c2','2011-07-27 15:34:20','a:1:{s:13:\"sessionLength\";s:4:\"long\";}',1343316861),('f66316a73026e07c2b458d00e6a40850','2011-07-27 16:06:37','a:1:{s:13:\"sessionLength\";s:4:\"long\";}',1343318798),('818132bb11269985c2c46fa2f82f0e51','2011-07-27 16:16:08','a:1:{s:13:\"sessionLength\";s:4:\"long\";}',1343319369),('8d3d4132b79f197fe98f67b02cd08ce5','2011-07-27 16:16:09','a:1:{s:13:\"sessionLength\";s:4:\"long\";}',1343319369),('de42954b5e388f9e5e3a32bbda1317c3','2011-07-27 17:13:05','a:1:{s:13:\"sessionLength\";s:4:\"long\";}',1343322786),('013a50ca3a0027d2c0ca2dcd70293a39','2011-07-27 17:13:15','a:1:{s:13:\"sessionLength\";s:4:\"long\";}',1343322795),('92b9c76d626372eeff4b2de29cc35584','2011-07-28 10:38:43','a:1:{s:13:\"sessionLength\";s:4:\"long\";}',1343385523),('72a9025e15429662a7e79ab1b82520c1','2011-07-27 17:13:34','a:1:{s:13:\"sessionLength\";s:4:\"long\";}',1343322814),('2f093c8e66a62ee0f3e20fd4796e7f13','2011-07-27 17:13:43','a:1:{s:13:\"sessionLength\";s:4:\"long\";}',1343322824),('40c762cd988c98e7a858395e6c26d8f1','2011-07-27 17:38:17','a:1:{s:13:\"sessionLength\";s:4:\"long\";}',1343324298),('f8d4f989797482db9bc8bd242c004b26','2011-07-27 18:37:55','a:1:{s:13:\"sessionLength\";s:4:\"long\";}',1343327876),('47f04adfb0492531bd5208d9228b85e5','2011-07-27 20:04:56','a:1:{s:13:\"sessionLength\";s:4:\"long\";}',1343333096),('2f3be44aa91724912fd6d079e3e8bdbf','2011-07-27 21:12:56','a:1:{s:13:\"sessionLength\";s:4:\"long\";}',1343337177),('9e1efbfe4ccd5bb3d65454be1010c506','2011-07-27 21:13:14','a:1:{s:13:\"sessionLength\";s:4:\"long\";}',1343337195),('ad1391cfe9b8dbf846ea6aa00d41e4f1','2011-07-27 21:13:14','a:1:{s:13:\"sessionLength\";s:4:\"long\";}',1343337195),('26cd9803346812edbc4b6deb35837f0f','2011-07-27 21:13:14','a:1:{s:13:\"sessionLength\";s:4:\"long\";}',1343337195),('d6254f1ebdcd22a9c7bb0ee4f43884b9','2011-07-27 21:13:14','a:1:{s:13:\"sessionLength\";s:4:\"long\";}',1343337195),('0f7be894646c851c29a3afb27ca5a238','2011-07-27 21:13:14','a:1:{s:13:\"sessionLength\";s:4:\"long\";}',1343337195),('9c21a70edb22de8c3e237b0d79e32b19','2011-07-27 21:13:15','a:1:{s:13:\"sessionLength\";s:4:\"long\";}',1343337195),('bbe85567560923114bef5fb4969413b8','2011-07-27 21:13:15','a:1:{s:13:\"sessionLength\";s:4:\"long\";}',1343337195),('3193bc169117c2a1ad6cda2f3c91adc4','2011-07-27 21:13:15','a:1:{s:13:\"sessionLength\";s:4:\"long\";}',1343337195),('e6324157c36d95efcccf9955f949de0f','2011-07-27 21:13:17','a:1:{s:13:\"sessionLength\";s:4:\"long\";}',1343337197),('181525d482bf46089a9ea363d681cb93','2011-07-27 21:13:17','a:1:{s:13:\"sessionLength\";s:4:\"long\";}',1343337198),('61fc9b6fd55b738c6f689592b7a9a13c','2011-07-27 21:13:31','a:1:{s:13:\"sessionLength\";s:4:\"long\";}',1343337211),('534c6f3641303aefe479405cdbc6b422','2011-07-27 21:15:08','a:1:{s:13:\"sessionLength\";s:4:\"long\";}',1343337309),('1712d5899da09d564154b5212a278f90','2011-07-27 22:25:15','a:1:{s:13:\"sessionLength\";s:4:\"long\";}',1343341516),('ce05de24008e0914567ded34f356122c','2011-07-27 21:35:00','a:1:{s:13:\"sessionLength\";s:4:\"long\";}',1343338501),('6af5152d69c38d8a1e301563a5c840e8','2011-07-30 01:03:00','a:1:{s:13:\"sessionLength\";s:4:\"long\";}',1343523781),('c8b181bc03f45d83b908ac628b54184f','2011-07-27 22:13:01','a:1:{s:13:\"sessionLength\";s:4:\"long\";}',1343340781),('6495f905d89573c00332853d3049e360','2011-07-27 22:20:01','a:1:{s:13:\"sessionLength\";s:4:\"long\";}',1343341202),('ed3abc021ac828226627ecc1929f7fdc','2011-07-27 22:20:03','a:1:{s:13:\"sessionLength\";s:4:\"long\";}',1343341204),('ee14dd31a25673a9ddd070bf3c2940c0','2011-07-27 22:20:11','a:1:{s:13:\"sessionLength\";s:4:\"long\";}',1343341212),('dc97ceb1fde6662cab6400bdfad1f7b6','2011-07-27 22:20:14','a:1:{s:13:\"sessionLength\";s:4:\"long\";}',1343341214),('4d0430be474dfc92aabf78c4cd8dfb6c','2011-07-27 22:20:17','a:1:{s:13:\"sessionLength\";s:4:\"long\";}',1343341218),('7d7ad925ac81160cdf56cdc43fba9180','2011-07-27 22:20:28','a:1:{s:13:\"sessionLength\";s:4:\"long\";}',1343341229),('74773143a04f6a45713fc8042d9123dd','2011-07-27 22:25:15','a:1:{s:13:\"sessionLength\";s:4:\"long\";}',1343341516),('5d40792175694399d7a21003e684818c','2011-07-27 22:25:15','a:1:{s:13:\"sessionLength\";s:4:\"long\";}',1343341516),('0572867b5e9c8c5de82df5aced9063c3','2011-07-27 22:25:16','a:1:{s:13:\"sessionLength\";s:4:\"long\";}',1343341517),('cee84bb131b93d29d98c0e0dd1d3ee9e','2011-07-27 22:25:26','a:1:{s:13:\"sessionLength\";s:4:\"long\";}',1343341527),('24e7d51f47d48b72588e219011048a0b','2011-07-27 22:27:52','a:1:{s:13:\"sessionLength\";s:4:\"long\";}',1343341673),('5fa293c136b01acf0a917971df5ceab0','2011-07-27 22:34:35','a:1:{s:13:\"sessionLength\";s:4:\"long\";}',1343342076),('35b31b5cc2946028ce5727f60393bb6f','2011-07-27 22:28:09','a:1:{s:13:\"sessionLength\";s:4:\"long\";}',1343341690),('318e5f8d513cf549086fba836f776f9d','2011-07-27 22:28:58','a:1:{s:13:\"sessionLength\";s:4:\"long\";}',1343341738),('ce251e3e974f09b3c9942226a29d84e2','2011-08-01 21:48:28','a:6:{s:13:\"sessionLength\";s:4:\"long\";s:8:\"userName\";s:5:\"admin\";s:12:\"userPassword\";s:32:\"0e275a2b9d6ff3d2ad542670415ccca0\";s:6:\"userID\";s:1:\"1\";s:9:\"IPAddress\";s:11:\"92.30.8.210\";s:9:\"logintime\";d:1311806128.336577892303466796875;}',1343771309),('93403f9cc9c8d8d72dcf30ef58d58cdf','2011-07-27 22:32:03','a:1:{s:13:\"sessionLength\";s:4:\"long\";}',1343341924),('524bdf78e62ac22506abb25930c8551d','2011-07-27 22:33:37','a:1:{s:13:\"sessionLength\";s:4:\"long\";}',1343342018),('f4c91c87200f79dc9797071e41c6ac7e','2011-07-27 22:33:46','a:1:{s:13:\"sessionLength\";s:4:\"long\";}',1343342027),('2f7e6169aa4f11b877bf01b7b96e9824','2011-07-27 22:36:50','a:1:{s:13:\"sessionLength\";s:4:\"long\";}',1343342210),('435dc067183928ccc1122b29b454b10d','2011-07-27 22:36:57','a:1:{s:13:\"sessionLength\";s:4:\"long\";}',1343342217),('8c717a15612ab67a961d3d6d5c11a750','2011-07-27 22:42:34','a:1:{s:13:\"sessionLength\";s:4:\"long\";}',1343342555),('0982d0d180a689fecd6687734db60651','2011-07-27 22:54:14','a:1:{s:13:\"sessionLength\";s:4:\"long\";}',1343343254),('b824d93fe2500785b1e56dc0a6cb1517','2011-07-27 22:54:18','a:1:{s:13:\"sessionLength\";s:4:\"long\";}',1343343258),('cab53b6da43bd3dbc04629b083c3c273','2011-07-27 22:54:18','a:1:{s:13:\"sessionLength\";s:4:\"long\";}',1343343259),('43482938d7bf370ce90903572ede27c7','2011-07-27 22:54:18','a:1:{s:13:\"sessionLength\";s:4:\"long\";}',1343343259),('05a2bc97fd4c026e73dd3ff8a593511f','2011-07-27 22:54:24','a:1:{s:13:\"sessionLength\";s:4:\"long\";}',1343343264),('1c0b539715294eabb5ffb331997c6bdd','2011-07-27 22:54:26','a:1:{s:13:\"sessionLength\";s:4:\"long\";}',1343343266),('9e2b2cae2b2c6f714ceb274aee829f2c','2011-07-27 22:54:29','a:1:{s:13:\"sessionLength\";s:4:\"long\";}',1343343270),('9d076dcc0a7b9c306620dfdfcd7f0b28','2011-07-27 22:54:34','a:1:{s:13:\"sessionLength\";s:4:\"long\";}',1343343274),('8f87543ff2a6405e6b5031f35b566511','2011-07-27 22:54:35','a:1:{s:13:\"sessionLength\";s:4:\"long\";}',1343343276),('76e0fcac62e7f5d849a56ff24e960997','2011-07-27 22:54:36','a:1:{s:13:\"sessionLength\";s:4:\"long\";}',1343343277),('5f9717d3afd8711130a0bda8d45bb270','2011-07-27 22:54:38','a:1:{s:13:\"sessionLength\";s:4:\"long\";}',1343343279),('6ad92e9f689f89cc97b7fbc17dfefc61','2011-07-27 22:55:17','a:1:{s:13:\"sessionLength\";s:4:\"long\";}',1343343318),('d9e0e49bdd560a5de99938151f612678','2011-07-27 23:04:26','a:1:{s:13:\"sessionLength\";s:4:\"long\";}',1343343867),('cfd8fc9f53a641bb01d23f83d103992b','2011-07-27 23:10:19','a:1:{s:13:\"sessionLength\";s:4:\"long\";}',1343344220),('6a5ae3412833daa173fab0bef26a6414','2011-07-27 23:19:15','a:1:{s:13:\"sessionLength\";s:4:\"long\";}',1343344756),('3e2d495fb140bb7443c82f91c466343b','2011-07-27 23:28:54','a:1:{s:13:\"sessionLength\";s:4:\"long\";}',1343345334),('e48bdeb9e4d8aee704062496f26e9702','2011-07-28 02:30:38','a:1:{s:13:\"sessionLength\";s:4:\"long\";}',1343356239),('b42ec378b1d4e1de46fbcaa89e4ddbf5','2011-07-28 02:30:38','a:1:{s:13:\"sessionLength\";s:4:\"long\";}',1343356239),('2c607012ef1272c0b5b1854875405029','2011-07-28 03:33:17','a:1:{s:13:\"sessionLength\";s:4:\"long\";}',1343359997),('cdb4871b5323523b6c3246c39a08ebf9','2011-07-28 03:34:20','a:1:{s:13:\"sessionLength\";s:4:\"long\";}',1343360060),('3471baa22edc6a0d8f46e820790ada53','2011-07-28 03:40:13','a:1:{s:13:\"sessionLength\";s:4:\"long\";}',1343360413),('8ff4612e40361606540bc0e291613d1e','2011-07-28 05:02:48','a:1:{s:13:\"sessionLength\";s:4:\"long\";}',1343365368),('bc01be5dd497d37c6ccb64dfc23ff149','2011-07-28 07:47:38','a:1:{s:13:\"sessionLength\";s:4:\"long\";}',1343375259),('0af228e492e435d4300bc6716a393271','2011-07-28 07:25:09','a:1:{s:13:\"sessionLength\";s:4:\"long\";}',1343373910),('73a14b26d56f4da88836e8856f31670c','2011-07-28 07:25:15','a:1:{s:13:\"sessionLength\";s:4:\"long\";}',1343373916),('f36e6bc16b7a96df8066bde6d391867f','2011-07-28 08:24:39','a:1:{s:13:\"sessionLength\";s:4:\"long\";}',1343377479),('2f7e1823c20e0418ee08aa5df6c2debb','2011-07-28 10:38:36','a:1:{s:13:\"sessionLength\";s:4:\"long\";}',1343385516),('d22b60c75c4590a5fa808fc60b9f373e','2011-07-28 10:38:40','a:1:{s:13:\"sessionLength\";s:4:\"long\";}',1343385521),('b13f0c6012632f83b681d7660a256675','2011-07-28 10:39:03','a:1:{s:13:\"sessionLength\";s:4:\"long\";}',1343385543),('22b175813cfe9d423196a6716460cd70','2011-07-28 10:40:47','a:1:{s:13:\"sessionLength\";s:4:\"long\";}',1343385647),('c90803f1ac7e3fc9c995e850ad43fec1','2011-07-28 10:39:24','a:1:{s:13:\"sessionLength\";s:4:\"long\";}',1343385565),('5e31e25ffdfd7f5f063a1425d5de1d18','2011-07-28 10:40:57','a:1:{s:13:\"sessionLength\";s:4:\"long\";}',1343385658),('92ed310f11f46fd8d5c4142a9a30e69d','2011-07-28 10:41:00','a:1:{s:13:\"sessionLength\";s:4:\"long\";}',1343385660),('8dc2d3d9b6d2da89888ed9ebc5349111','2011-07-28 10:41:01','a:1:{s:13:\"sessionLength\";s:4:\"long\";}',1343385661),('00a5bf6cc50fcd7d520479496e43ba39','2011-07-28 10:41:02','a:1:{s:13:\"sessionLength\";s:4:\"long\";}',1343385663),('389c7f3b395b4c4f1794495538c0c80c','2011-07-28 10:41:04','a:1:{s:13:\"sessionLength\";s:4:\"long\";}',1343385664),('2d2f5fcb7466cee011c00a70833e666e','2011-07-28 10:41:05','a:1:{s:13:\"sessionLength\";s:4:\"long\";}',1343385666),('fc14ba4de3ab80ad0f9f89e5fe8b1340','2011-07-28 10:41:07','a:1:{s:13:\"sessionLength\";s:4:\"long\";}',1343385667),('d6844a56a0ccc3803d767603091730fa','2011-07-28 10:41:08','a:1:{s:13:\"sessionLength\";s:4:\"long\";}',1343385669),('71ce5aafe4b45154093e9e2ef4c6a971','2011-07-28 10:41:09','a:1:{s:13:\"sessionLength\";s:4:\"long\";}',1343385670),('7317ff8b06169177df296af2e62a78f6','2011-07-28 10:41:11','a:1:{s:13:\"sessionLength\";s:4:\"long\";}',1343385671),('838ef3b771b67cd7b90426fa9ed870bc','2011-07-28 10:41:12','a:1:{s:13:\"sessionLength\";s:4:\"long\";}',1343385673),('813ae3a75b5976006248d6261720509c','2011-07-28 10:41:13','a:1:{s:13:\"sessionLength\";s:4:\"long\";}',1343385674),('01f696a15c7d00faca210f7c195133c5','2011-07-28 10:41:32','a:1:{s:13:\"sessionLength\";s:4:\"long\";}',1343385692),('bae239d6b6698935d7e49c14f8903509','2011-07-28 10:41:33','a:1:{s:13:\"sessionLength\";s:4:\"long\";}',1343385694),('0ffc500b55def83a70425ce55daeb912','2011-07-28 10:41:35','a:1:{s:13:\"sessionLength\";s:4:\"long\";}',1343385696),('263f21b98e9d87c8e321ffc1d561c69d','2011-07-28 10:41:37','a:1:{s:13:\"sessionLength\";s:4:\"long\";}',1343385697),('825ae0aea2b61309180e722904b8c78c','2011-07-28 10:41:42','a:1:{s:13:\"sessionLength\";s:4:\"long\";}',1343385703),('da13e228f934bcfb737c2a751cf9cc52','2011-07-28 10:41:45','a:1:{s:13:\"sessionLength\";s:4:\"long\";}',1343385705),('602b6bebbe58157f93baeaea6b82f666','2011-07-28 10:41:47','a:1:{s:13:\"sessionLength\";s:4:\"long\";}',1343385707),('0ffe662efc15f0b0f53259cc2c4f7a97','2011-07-28 10:41:49','a:1:{s:13:\"sessionLength\";s:4:\"long\";}',1343385709),('98bf46fd2df97abab936c3c235a4fd8f','2011-07-28 10:41:50','a:1:{s:13:\"sessionLength\";s:4:\"long\";}',1343385711),('67ff4ac2aaa0f6c30398045f572b8b9d','2011-07-28 10:41:51','a:1:{s:13:\"sessionLength\";s:4:\"long\";}',1343385712),('7cda7b23e8b74747b1d44fee4b6fd23a','2011-07-28 10:41:53','a:1:{s:13:\"sessionLength\";s:4:\"long\";}',1343385714),('20f0bf6afc226552f2a9a5f88ba1c1e0','2011-07-28 10:41:55','a:1:{s:13:\"sessionLength\";s:4:\"long\";}',1343385715),('7ccd578036ba40ac31c20a639783ad92','2011-07-28 10:41:57','a:1:{s:13:\"sessionLength\";s:4:\"long\";}',1343385717),('0a02089b1f17ca882414199410e130fe','2011-07-28 10:41:58','a:1:{s:13:\"sessionLength\";s:4:\"long\";}',1343385719),('2719a8d44bc18e2ca8610670a06705a8','2011-07-28 10:42:01','a:1:{s:13:\"sessionLength\";s:4:\"long\";}',1343385721),('203bf710738f9ae8886a91de090f0ced','2011-07-28 10:42:02','a:1:{s:13:\"sessionLength\";s:4:\"long\";}',1343385723),('ba192b1801589d5e605e23269278bc51','2011-07-28 10:42:04','a:1:{s:13:\"sessionLength\";s:4:\"long\";}',1343385724),('d8a3a1ce1320b233fb455dacfe423c9a','2011-07-28 10:42:05','a:1:{s:13:\"sessionLength\";s:4:\"long\";}',1343385726),('9197e937fb95d817bc8b18b076df38aa','2011-07-28 10:42:16','a:1:{s:13:\"sessionLength\";s:4:\"long\";}',1343385736),('650a2d8eedb1a641b2c4ff6a96941a2b','2011-07-28 10:42:18','a:1:{s:13:\"sessionLength\";s:4:\"long\";}',1343385738),('cc9bf6b8f978459bf63f460a18233c7c','2011-07-28 10:42:19','a:1:{s:13:\"sessionLength\";s:4:\"long\";}',1343385740),('8c948bcd7bbf2e3d5dadb76872edd50b','2011-07-28 10:42:21','a:1:{s:13:\"sessionLength\";s:4:\"long\";}',1343385741),('9aca889c66143e262259501d3cba4198','2011-07-28 10:42:22','a:1:{s:13:\"sessionLength\";s:4:\"long\";}',1343385743),('2c8a973ebbeccd0ca05c2d4408806597','2011-07-28 10:42:24','a:1:{s:13:\"sessionLength\";s:4:\"long\";}',1343385744),('c23ab62ec6d24ef6f8bc6f05562170e8','2011-07-28 10:42:25','a:1:{s:13:\"sessionLength\";s:4:\"long\";}',1343385746),('22664e05ea17f97ef4abd95bcaca0d10','2011-07-28 10:42:26','a:1:{s:13:\"sessionLength\";s:4:\"long\";}',1343385747),('b65243e57b1d1d04fbef6fd785a2c79a','2011-07-28 10:42:28','a:1:{s:13:\"sessionLength\";s:4:\"long\";}',1343385748),('b1f199ad676187124116cb41e6f84293','2011-07-28 10:42:29','a:1:{s:13:\"sessionLength\";s:4:\"long\";}',1343385749),('5f26f5c4fabe14a174cb9875b014153c','2011-07-28 10:42:31','a:1:{s:13:\"sessionLength\";s:4:\"long\";}',1343385751),('9e78ed2bf76fa5356dca558488d83d77','2011-07-28 10:42:33','a:1:{s:13:\"sessionLength\";s:4:\"long\";}',1343385753),('7780a8e018f8c83c3367d0399260b986','2011-07-28 10:42:34','a:1:{s:13:\"sessionLength\";s:4:\"long\";}',1343385754),('ee4b0f3eb56f10f3ba0ef6a5a20d25fd','2011-07-28 11:21:48','a:1:{s:13:\"sessionLength\";s:4:\"long\";}',1343388108),('4b551eb42d14dbe4920bd24081f63bb1','2011-07-28 15:29:49','a:1:{s:13:\"sessionLength\";s:4:\"long\";}',1343402990),('73a90b44348462749f6978613876b32e','2011-07-28 16:58:39','a:1:{s:13:\"sessionLength\";s:4:\"long\";}',1343408320),('eb4e85db3f2ff086b6c6feeee8b19d3e','2011-07-28 18:42:12','a:1:{s:13:\"sessionLength\";s:4:\"long\";}',1343414532),('ecc8e2e12a13ff0796fed432269b09e9','2011-07-28 16:59:09','a:1:{s:13:\"sessionLength\";s:4:\"long\";}',1343408350),('0a9b2b6b27e6b303a5c3c40cd6e7f9e9','2011-07-28 16:59:55','a:1:{s:13:\"sessionLength\";s:4:\"long\";}',1343408396),('ef54a618c15f98baa57ff591de711603','2011-07-28 16:59:59','a:1:{s:13:\"sessionLength\";s:4:\"long\";}',1343408400),('759b2ef7f8084647e5da50dc387b6365','2011-07-28 17:00:01','a:1:{s:13:\"sessionLength\";s:4:\"long\";}',1343408401),('8d4bc39175a10301919674c93943272d','2011-07-28 17:00:25','a:1:{s:13:\"sessionLength\";s:4:\"long\";}',1343408425),('9164d3a2b6cf66cf0759180d9c917d2b','2011-08-01 17:44:10','a:4:{s:13:\"sessionLength\";s:4:\"long\";s:9:\"IPAddress\";s:13:\"77.100.74.210\";s:9:\"logintime\";d:1312127388.7060549259185791015625;s:5:\"human\";b:1;}',1343756650),('95d84ade8f1d4de2b31770af1f68768e','2011-07-28 22:28:52','a:1:{s:13:\"sessionLength\";s:4:\"long\";}',1343428133),('0172936d09d5ddba83b3c0b4b59119d7','2011-07-28 22:21:50','a:1:{s:13:\"sessionLength\";s:4:\"long\";}',1343427710),('4372c4e2f9dd7e458c74c5d5b3308faf','2011-07-28 22:25:49','a:1:{s:13:\"sessionLength\";s:4:\"long\";}',1343427949),('a1bd77cf7355ed57224b2fbe03005b1a','2011-07-28 22:26:25','a:1:{s:13:\"sessionLength\";s:4:\"long\";}',1343427985),('6eb9f3d1b1f2eee890db43843b951096','2011-07-28 22:26:26','a:1:{s:13:\"sessionLength\";s:4:\"long\";}',1343427987),('90a70871c014e9c82cc1d6e18eb49881','2011-07-28 22:26:31','a:1:{s:13:\"sessionLength\";s:4:\"long\";}',1343427991),('1b473de58efda720520d2144049032f6','2011-07-28 22:26:33','a:1:{s:13:\"sessionLength\";s:4:\"long\";}',1343427994),('49feec98beddfa695e6ec387f7c4be48','2011-07-28 22:27:10','a:1:{s:13:\"sessionLength\";s:4:\"long\";}',1343428031),('e7e437ac2436e4991fbb42ea8c1a0c49','2011-07-28 22:27:14','a:1:{s:13:\"sessionLength\";s:4:\"long\";}',1343428035),('7c2152b8421886ee506136304cc96c06','2011-07-28 22:27:15','a:1:{s:13:\"sessionLength\";s:4:\"long\";}',1343428036),('a05d88952d85217bdd76281b8fa58bfe','2011-07-28 22:27:27','a:1:{s:13:\"sessionLength\";s:4:\"long\";}',1343428048),('82107155513e9e96b3a963f0aae07448','2011-07-28 22:27:30','a:1:{s:13:\"sessionLength\";s:4:\"long\";}',1343428051),('4bdd26ba46fddfde88a36232507a479b','2011-07-28 22:27:31','a:1:{s:13:\"sessionLength\";s:4:\"long\";}',1343428052),('7fb26c278098ecf1b575063995d98ecd','2011-07-28 22:27:35','a:1:{s:13:\"sessionLength\";s:4:\"long\";}',1343428056),('b01ecfe684e64d9b157445a6b67bd2ef','2011-07-28 22:27:36','a:1:{s:13:\"sessionLength\";s:4:\"long\";}',1343428057),('cb4335e53d8a544448d376e43d43c073','2011-07-28 22:27:40','a:1:{s:13:\"sessionLength\";s:4:\"long\";}',1343428061),('6245b963e90be36eb8ede662fdb4cec5','2011-07-28 22:27:42','a:1:{s:13:\"sessionLength\";s:4:\"long\";}',1343428063),('1e805e29131d988e74d3e1c44441259a','2011-07-28 22:27:45','a:1:{s:13:\"sessionLength\";s:4:\"long\";}',1343428065),('8b22a72a41cf1fdea66b6877d6c9c56e','2011-07-28 22:27:47','a:1:{s:13:\"sessionLength\";s:4:\"long\";}',1343428068),('95c50d8d8d0f0d28315f097b96469f23','2011-07-28 22:27:49','a:1:{s:13:\"sessionLength\";s:4:\"long\";}',1343428070),('3ac2d052fd379c6674d7cf0c2630c110','2011-07-28 22:27:50','a:1:{s:13:\"sessionLength\";s:4:\"long\";}',1343428070),('86293e95ed87279248dc4239f453c4d2','2011-07-28 22:28:00','a:1:{s:13:\"sessionLength\";s:4:\"long\";}',1343428081),('386661e54ad70bbab3674d1ca702e10c','2011-07-28 22:28:03','a:1:{s:13:\"sessionLength\";s:4:\"long\";}',1343428084),('ac80871de78f644e3dd9eab67b4102e6','2011-07-28 22:28:08','a:1:{s:13:\"sessionLength\";s:4:\"long\";}',1343428089),('c1803f02ddcc563e1a708e8a82b331c9','2011-07-28 22:28:17','a:1:{s:13:\"sessionLength\";s:4:\"long\";}',1343428097),('bdda9e2f351198f7a70f80403b3335e3','2011-07-28 22:28:20','a:1:{s:13:\"sessionLength\";s:4:\"long\";}',1343428100),('709a201f39dc37ddc94efcff60a68e4b','2011-07-28 22:28:21','a:1:{s:13:\"sessionLength\";s:4:\"long\";}',1343428102),('dca1fac1801c3f96c4dda3e92898fa32','2011-07-28 22:28:22','a:1:{s:13:\"sessionLength\";s:4:\"long\";}',1343428102),('537627dbc075698d5f530387b32e2c88','2011-07-28 22:28:24','a:1:{s:13:\"sessionLength\";s:4:\"long\";}',1343428104),('7eaf26680490b1aa8ae2bae423d17d77','2011-07-28 22:28:24','a:1:{s:13:\"sessionLength\";s:4:\"long\";}',1343428105),('9e915e52ffdd626108e28a531d214496','2011-07-28 22:28:28','a:1:{s:13:\"sessionLength\";s:4:\"long\";}',1343428109),('7b42063b509e3af8fc1d170b98adb29f','2011-07-28 22:28:31','a:1:{s:13:\"sessionLength\";s:4:\"long\";}',1343428112),('b1228b873b7a915a0e6215bd24350cdd','2011-07-28 22:28:37','a:1:{s:13:\"sessionLength\";s:4:\"long\";}',1343428118),('7e3bc6db8dedb38acf88ce37bcc70893','2011-07-28 22:28:38','a:1:{s:13:\"sessionLength\";s:4:\"long\";}',1343428118),('a5f5b54e0e3c3620b8be4ad4fcc4e5b2','2011-07-28 22:29:01','a:1:{s:13:\"sessionLength\";s:4:\"long\";}',1343428141),('efa3edeb94c4ee9c4d69e1a32899732f','2011-07-29 03:27:23','a:1:{s:13:\"sessionLength\";s:4:\"long\";}',1343446043),('9743f2cd690621390ea8d3cd58843f95','2011-07-29 03:59:58','a:1:{s:13:\"sessionLength\";s:4:\"long\";}',1343447999),('b8837b4a2b9091946a50912038401c16','2011-07-29 10:00:19','a:1:{s:13:\"sessionLength\";s:4:\"long\";}',1343469620),('7124b537753d5498c40fee87c08db67f','2011-07-29 10:03:59','a:1:{s:13:\"sessionLength\";s:4:\"long\";}',1343469840),('0de8227315f7a4800950fbded2afa384','2011-07-29 10:04:00','a:1:{s:13:\"sessionLength\";s:4:\"long\";}',1343469840),('c5823b2d18fca107f9924f0cc3329e2e','2011-07-29 10:04:00','a:1:{s:13:\"sessionLength\";s:4:\"long\";}',1343469840),('3dbea6e3f539407d17526d6da531a79e','2011-07-29 10:04:01','a:1:{s:13:\"sessionLength\";s:4:\"long\";}',1343469841),('f49438294135a991f74498feef9d545c','2011-07-29 10:04:03','a:1:{s:13:\"sessionLength\";s:4:\"long\";}',1343469843),('ea8441dcbe62b987196ddb00a27bb336','2011-07-29 10:04:06','a:1:{s:13:\"sessionLength\";s:4:\"long\";}',1343469846),('b614216a5005ab3ac296204aafed5105','2011-07-29 10:04:57','a:1:{s:13:\"sessionLength\";s:4:\"long\";}',1343469898),('44130421a3e7d780f83b5b0f9324445c','2011-07-29 10:05:35','a:1:{s:13:\"sessionLength\";s:4:\"long\";}',1343469936),('620d8232c44ee76cece615c0c94b19e9','2011-07-29 10:05:52','a:1:{s:13:\"sessionLength\";s:4:\"long\";}',1343469952),('df7ce985e05d68f9de1df7a78c93eca5','2011-07-29 10:05:59','a:1:{s:13:\"sessionLength\";s:4:\"long\";}',1343469959),('1eeffdd30d428ee39732cac0db0a9487','2011-07-29 11:09:15','a:1:{s:13:\"sessionLength\";s:4:\"long\";}',1343473756),('06c4447df18b71b46c89f47b28715c75','2011-07-29 10:35:55','a:1:{s:13:\"sessionLength\";s:4:\"long\";}',1343471756),('11a0662b451f840d680654932883ee58','2011-07-29 10:43:16','a:1:{s:13:\"sessionLength\";s:4:\"long\";}',1343472197),('6dcf2bdd2888a5106047fbef5c1b5dcc','2011-07-29 10:43:17','a:1:{s:13:\"sessionLength\";s:4:\"long\";}',1343472197),('aa2868cc63e1b1d24809eb4aaed8d4b3','2011-07-29 11:08:35','a:1:{s:13:\"sessionLength\";s:4:\"long\";}',1343473715),('d46a7803d62f0614eb832db771e1e29b','2011-07-29 11:32:37','a:1:{s:13:\"sessionLength\";s:4:\"long\";}',1343475158),('8e1455cbecdc76970194838f8ae84303','2011-07-29 11:41:16','a:1:{s:13:\"sessionLength\";s:4:\"long\";}',1343475677),('c3242a6caf3470e1d07134cf355ba076','2011-07-29 13:41:46','a:1:{s:13:\"sessionLength\";s:4:\"long\";}',1343482906),('a42ac418bb0db756f27bb5cb32d8a8a2','2011-07-29 11:41:37','a:1:{s:13:\"sessionLength\";s:4:\"long\";}',1343475698),('4ea3dce0b8145aaefe9faf14a8f3da7c','2011-07-29 11:41:37','a:1:{s:13:\"sessionLength\";s:4:\"long\";}',1343475698),('8f2d563a39641c3125fe8c83efb377f4','2011-07-29 11:41:48','a:1:{s:13:\"sessionLength\";s:4:\"long\";}',1343475708),('977b7b275bb4dd86b51dffa83aac5719','2011-07-29 11:41:58','a:1:{s:13:\"sessionLength\";s:4:\"long\";}',1343475718),('67b64c28331a34ea0bfef085caec0ddb','2011-07-29 11:42:19','a:1:{s:13:\"sessionLength\";s:4:\"long\";}',1343475739),('1750eb753f891e6564d47a441dff6d72','2011-07-29 11:42:32','a:1:{s:13:\"sessionLength\";s:4:\"long\";}',1343475753),('7d113e3ee9e67457126d56a68f14fca7','2011-07-29 11:42:36','a:1:{s:13:\"sessionLength\";s:4:\"long\";}',1343475757),('a67c0c65a97bf92461e0a03e97b57bee','2011-07-29 11:42:40','a:1:{s:13:\"sessionLength\";s:4:\"long\";}',1343475760),('1f2a08b9407caa79c19339c7ae5f00d7','2011-07-29 11:42:52','a:1:{s:13:\"sessionLength\";s:4:\"long\";}',1343475773),('34fb70e56ee23b096c7906c6af9dfea4','2011-07-29 11:42:58','a:1:{s:13:\"sessionLength\";s:4:\"long\";}',1343475779),('e5827761de6dcbd348b4173b87c05f79','2011-07-29 11:43:32','a:1:{s:13:\"sessionLength\";s:4:\"long\";}',1343475813),('987a451c595735a53e1a7c6ff7b91b82','2011-07-29 11:44:09','a:1:{s:13:\"sessionLength\";s:4:\"long\";}',1343475849),('8fa1bbd6d3212c529aca3d796928f08e','2011-07-29 11:44:15','a:1:{s:13:\"sessionLength\";s:4:\"long\";}',1343475855),('9eb83ae2c41b167b8722241f1fbc4ee7','2011-07-29 11:44:19','a:1:{s:13:\"sessionLength\";s:4:\"long\";}',1343475859),('baab61df11069ce188bf55cf67c2c7a4','2011-07-29 11:44:23','a:1:{s:13:\"sessionLength\";s:4:\"long\";}',1343475863),('71612b9983aa45dcfa4bf4748262a60b','2011-07-29 11:44:26','a:1:{s:13:\"sessionLength\";s:4:\"long\";}',1343475867),('5911ca8c43ae11b4b94b24d1ba1686ff','2011-07-29 11:44:28','a:1:{s:13:\"sessionLength\";s:4:\"long\";}',1343475869),('7526fdb70a0d3cf4ce3737f1d36705d0','2011-07-29 11:44:33','a:1:{s:13:\"sessionLength\";s:4:\"long\";}',1343475873),('97e5b3fee3e11e242d09273a101b6996','2011-07-29 11:44:40','a:1:{s:13:\"sessionLength\";s:4:\"long\";}',1343475881),('73dbcff79bc865e212df61dfab869700','2011-07-29 11:44:49','a:1:{s:13:\"sessionLength\";s:4:\"long\";}',1343475890),('ab001eedab3da2febb900feea723cf21','2011-07-29 11:46:50','a:1:{s:13:\"sessionLength\";s:4:\"long\";}',1343476011),('8a85b59f3b3c8fec6c024c72252f79bb','2011-07-29 15:51:11','a:1:{s:13:\"sessionLength\";s:4:\"long\";}',1343490672),('838cddd5c9248ae959e35e119ff1e2bd','2011-07-29 17:19:13','a:1:{s:13:\"sessionLength\";s:4:\"long\";}',1343495954),('a9be0ff6cf24397dfa6a4ba8e0f8c565','2011-07-29 17:31:04','a:1:{s:13:\"sessionLength\";s:4:\"long\";}',1343496664),('21b1e9f937b930ea1a5a93d95763d13a','2011-07-29 23:01:52','a:1:{s:13:\"sessionLength\";s:4:\"long\";}',1343516513),('116fd649ad7144d177183bb2158bd715','2011-07-30 00:35:02','a:1:{s:13:\"sessionLength\";s:4:\"long\";}',1343522102),('0e1e8e676d908974877be52a7b266331','2011-07-30 02:09:44','a:1:{s:13:\"sessionLength\";s:4:\"long\";}',1343527785),('c1f182e5a66bf5d875e5a848a36152eb','2011-07-30 04:01:06','a:1:{s:13:\"sessionLength\";s:4:\"long\";}',1343534467),('5be4af5c98717ae0cecf46b299ce6962','2011-07-30 09:38:02','a:1:{s:13:\"sessionLength\";s:4:\"long\";}',1343554682),('39d8b8f12515253d72c436020233fcf5','2011-07-30 09:38:04','a:1:{s:13:\"sessionLength\";s:4:\"long\";}',1343554684),('adcb5cf2f191f3236010a209fa10aaa2','2011-07-30 12:00:35','a:1:{s:13:\"sessionLength\";s:4:\"long\";}',1343563235),('a70978dfe7d7e796316b73fac1d4f440','2011-07-30 18:48:42','a:1:{s:13:\"sessionLength\";s:4:\"long\";}',1343587722),('a6e8a440711212428536373d17b5a5e3','2011-07-30 18:48:42','a:1:{s:13:\"sessionLength\";s:4:\"long\";}',1343587722),('be5687c1e81d0efb585ce8ee742172a3','2011-07-30 19:43:45','a:1:{s:13:\"sessionLength\";s:4:\"long\";}',1343591025),('a01017e5c758a7458a137d023f8d4351','2011-07-30 19:44:18','a:1:{s:13:\"sessionLength\";s:4:\"long\";}',1343591058),('f04a87d32ce94b4d7017e7175b883caa','2011-07-31 03:28:58','a:1:{s:13:\"sessionLength\";s:4:\"long\";}',1343618938),('f461e5972d9a400c2c05ed1ffc0cf28b','2011-07-31 10:14:25','a:1:{s:13:\"sessionLength\";s:4:\"long\";}',1343643266),('557c9f9051c2b582a62e05267abc5e68','2011-07-31 10:22:58','a:1:{s:13:\"sessionLength\";s:4:\"long\";}',1343643778),('a2e9115101f94e24b4354475ab72d1c2','2011-07-31 10:56:01','a:1:{s:13:\"sessionLength\";s:4:\"long\";}',1343645762),('6490fafc08d3d81245e531dabff85499','2011-07-31 13:58:18','a:1:{s:13:\"sessionLength\";s:4:\"long\";}',1343656699),('b899733f047c72cf4f51354730ab0da3','2011-07-31 13:58:18','a:1:{s:13:\"sessionLength\";s:4:\"long\";}',1343656699),('b6833d3e62006eaed6d3a805f5b5bb00','2011-07-31 14:55:17','a:1:{s:13:\"sessionLength\";s:4:\"long\";}',1343660118),('1624f2bf755e93eb4b6173cc514f73fa','2011-07-31 15:35:35','a:1:{s:13:\"sessionLength\";s:4:\"long\";}',1343662536),('7e5244b131f5d4fc0f6361ef3e292603','2011-07-31 16:25:28','a:1:{s:13:\"sessionLength\";s:4:\"long\";}',1343665528),('761602ef56353fd3674dd65d5a9df1db','2011-07-31 18:12:41','a:1:{s:13:\"sessionLength\";s:4:\"long\";}',1343671961),('6271fca58e336a073c533aec3310dfef','2011-07-31 18:12:45','a:1:{s:13:\"sessionLength\";s:4:\"long\";}',1343671965),('69da9e9fb38b1857705384cdf87f9a9b','2011-07-31 18:12:47','a:1:{s:13:\"sessionLength\";s:4:\"long\";}',1343671968),('07ff65d475fa693496cd6858fc239427','2011-07-31 18:12:54','a:1:{s:13:\"sessionLength\";s:4:\"long\";}',1343671974),('4e787344a34157f30e8d99c04171ab6f','2011-07-31 18:13:13','a:1:{s:13:\"sessionLength\";s:4:\"long\";}',1343671993),('db01f922e36d347249ce0ffeb4955a93','2011-07-31 18:17:56','a:1:{s:13:\"sessionLength\";s:4:\"long\";}',1343672276),('2d28602940cd9d6db8a58817ac109879','2011-07-31 18:49:55','a:1:{s:13:\"sessionLength\";s:4:\"long\";}',1343674195),('faa68c5cebce3765abbb09433e4c61e6','2011-07-31 18:49:55','a:1:{s:13:\"sessionLength\";s:4:\"long\";}',1343674195),('275b34ce197ff4e202f2e6074f17b047','2011-07-31 20:12:59','a:1:{s:13:\"sessionLength\";s:4:\"long\";}',1343679180),('e0c8b24cffcab1c2bc31a82d2a0ad168','2011-07-31 20:14:01','a:1:{s:13:\"sessionLength\";s:4:\"long\";}',1343679241),('863a0fad42e5f5f908d414466016c90d','2011-07-31 20:14:03','a:1:{s:13:\"sessionLength\";s:4:\"long\";}',1343679243),('b940e4ab73e4d643fd6c0325940e5d4b','2011-07-31 20:30:15','a:1:{s:13:\"sessionLength\";s:4:\"long\";}',1343680215),('344d54daf65a226ddf7029470c0c7ab3','2011-07-31 20:30:15','a:1:{s:13:\"sessionLength\";s:4:\"long\";}',1343680215),('4c48d8b0a98da6eb085c91df1a8e13d4','2011-07-31 20:30:22','a:1:{s:13:\"sessionLength\";s:4:\"long\";}',1343680222),('ac3a833a975107046a3ec77941fb63bf','2011-07-31 20:55:57','a:1:{s:13:\"sessionLength\";s:4:\"long\";}',1343681758),('ab067a51e722c2a6f59787f2bd1eab62','2011-07-31 20:55:57','a:1:{s:13:\"sessionLength\";s:4:\"long\";}',1343681758),('a335fd846186417549a69c752f4cfb23','2011-07-31 20:56:11','a:1:{s:13:\"sessionLength\";s:4:\"long\";}',1343681772),('852cf8f86b965e3e5241874c7f736073','2011-07-31 20:57:44','a:1:{s:13:\"sessionLength\";s:4:\"long\";}',1343681864),('a577429b5457311aa23dad901d577951','2011-07-31 21:00:22','a:1:{s:13:\"sessionLength\";s:4:\"long\";}',1343682022),('e21efdcc0c00834bb22c9763a36d2c2f','2011-07-31 21:00:22','a:1:{s:13:\"sessionLength\";s:4:\"long\";}',1343682023),('a73eb6ed5e819c0da7a27dc065b9c39b','2011-07-31 21:00:49','a:1:{s:13:\"sessionLength\";s:4:\"long\";}',1343682049),('6341cb50597f43adcf27bb947195e4d0','2011-07-31 21:01:39','a:1:{s:13:\"sessionLength\";s:4:\"long\";}',1343682100),('67fbd55d3a52ae7bc515ae633ca766b2','2011-07-31 21:01:39','a:1:{s:13:\"sessionLength\";s:4:\"long\";}',1343682100),('c37140412f7aa6986fe77f75bf78ea8c','2011-07-31 21:01:40','a:1:{s:13:\"sessionLength\";s:4:\"long\";}',1343682100),('58254fa6e6f70c54086187622c5762ac','2011-07-31 21:01:49','a:1:{s:13:\"sessionLength\";s:4:\"long\";}',1343682109),('14f4cc28e88603501824eb34c40dfeed','2011-07-31 21:01:49','a:1:{s:13:\"sessionLength\";s:4:\"long\";}',1343682109),('f9d6d783daa413388ad73b44b1ae14ad','2011-07-31 21:01:49','a:1:{s:13:\"sessionLength\";s:4:\"long\";}',1343682110),('910e868ab02fde78cd2d3cd0fca58eda','2011-07-31 21:03:02','a:1:{s:13:\"sessionLength\";s:4:\"long\";}',1343682183),('5f6da36e4173e1b5cc703c9ec6501c65','2011-07-31 21:03:02','a:1:{s:13:\"sessionLength\";s:4:\"long\";}',1343682183),('7438f856d2e351860cea26cf0e7e9b9b','2011-07-31 21:03:03','a:1:{s:13:\"sessionLength\";s:4:\"long\";}',1343682183),('ab5dc18c290d939d563aad1475e034a4','2011-07-31 21:03:52','a:1:{s:13:\"sessionLength\";s:4:\"long\";}',1343682232),('ded46331a2a60c8401b844b2d76b949f','2011-07-31 21:03:52','a:1:{s:13:\"sessionLength\";s:4:\"long\";}',1343682233),('bff8dbfac8b617db5cf029815e64a85c','2011-07-31 21:03:52','a:1:{s:13:\"sessionLength\";s:4:\"long\";}',1343682233),('fb09037b64b3487f5b38253496a8042b','2011-07-31 21:04:23','a:1:{s:13:\"sessionLength\";s:4:\"long\";}',1343682264),('47fad27fd948d219d56f509f802be911','2011-07-31 21:04:24','a:1:{s:13:\"sessionLength\";s:4:\"long\";}',1343682264),('7c07a95f556eed4766ba7b0196c3226c','2011-07-31 21:04:24','a:1:{s:13:\"sessionLength\";s:4:\"long\";}',1343682264),('987b020c5db2710047622fb596d011b1','2011-07-31 21:07:28','a:1:{s:13:\"sessionLength\";s:4:\"long\";}',1343682449),('538cec40cc9940713da9b166ea396079','2011-07-31 21:07:29','a:1:{s:13:\"sessionLength\";s:4:\"long\";}',1343682449),('512a9b1d81b6494fed0bbf97c551424e','2011-07-31 21:07:29','a:1:{s:13:\"sessionLength\";s:4:\"long\";}',1343682449),('1a7e8aa8e709f9de2e150e663cef10c7','2011-07-31 21:09:13','a:1:{s:13:\"sessionLength\";s:4:\"long\";}',1343682553),('03c6bc44558320cda6ab2fb615716011','2011-07-31 21:09:13','a:1:{s:13:\"sessionLength\";s:4:\"long\";}',1343682553),('859404fde5d37aa3161587f6a6a15546','2011-07-31 21:09:13','a:1:{s:13:\"sessionLength\";s:4:\"long\";}',1343682554),('ed09daf353a21827a4fbe0753715f84a','2011-07-31 21:09:19','a:1:{s:13:\"sessionLength\";s:4:\"long\";}',1343682560),('642774e16dac0e533b7c301093751e4b','2011-07-31 21:09:20','a:1:{s:13:\"sessionLength\";s:4:\"long\";}',1343682560),('e3b554ee41fbd602c034a14c8e2616c5','2011-07-31 21:09:20','a:1:{s:13:\"sessionLength\";s:4:\"long\";}',1343682560),('61b5dfc0c0bc5be4f99247b9da9e72c8','2011-07-31 21:09:43','a:1:{s:13:\"sessionLength\";s:4:\"long\";}',1343682584),('bea9f2ac67295bd8ca72ce335f14f924','2011-07-31 21:16:22','a:2:{s:13:\"sessionLength\";s:4:\"long\";s:13:\"selected_post\";s:2:\"82\";}',1343682983),('93c3c4ecf40842a38d166adb6b6231b8','2011-07-31 21:24:36','a:6:{s:13:\"sessionLength\";s:4:\"long\";s:8:\"userName\";s:5:\"admin\";s:12:\"userPassword\";s:32:\"0e275a2b9d6ff3d2ad542670415ccca0\";s:6:\"userID\";s:1:\"1\";s:9:\"IPAddress\";s:11:\"92.30.8.210\";s:9:\"logintime\";d:1312147175.2370669841766357421875;}',1343683477),('e844b81a28de25be33407ac1b16ad94c','2011-07-31 21:17:47','a:2:{s:13:\"sessionLength\";s:4:\"long\";s:13:\"selected_post\";s:2:\"46\";}',1343683068),('fa0dfa70f62ad913d7c906e8f6828200','2011-07-31 21:20:24','a:2:{s:13:\"sessionLength\";s:4:\"long\";s:13:\"selected_post\";s:3:\"105\";}',1343683225),('6ad0ce68a4f2964b0e4f9aa0075acf2b','2011-07-31 21:20:29','a:1:{s:13:\"sessionLength\";s:4:\"long\";}',1343683229),('62e48b036af6984f1b2d0c8853aeb9c4','2011-07-31 21:22:07','a:1:{s:13:\"sessionLength\";s:4:\"long\";}',1343683328),('4bb58681aeb293107f7a1741f525dc54','2011-07-31 21:22:26','a:2:{s:13:\"sessionLength\";s:4:\"long\";s:13:\"selected_post\";s:3:\"104\";}',1343683347),('b54fdfb7040f685e724d267a11840c3d','2011-07-31 21:22:29','a:2:{s:13:\"sessionLength\";s:4:\"long\";s:13:\"selected_post\";s:3:\"103\";}',1343683349),('0c395d91f8e9659350a59846eb9a9a6b','2011-07-31 21:22:29','a:2:{s:13:\"sessionLength\";s:4:\"long\";s:13:\"selected_post\";s:3:\"101\";}',1343683350),('2632e9b14b3571e520e33ee9b73ebf13','2011-07-31 21:22:32','a:2:{s:13:\"sessionLength\";s:4:\"long\";s:13:\"selected_post\";s:3:\"100\";}',1343683353),('f029f9b5dc8a8bcdd16bc7b3dcdcd539','2011-07-31 21:22:34','a:2:{s:13:\"sessionLength\";s:4:\"long\";s:13:\"selected_post\";s:2:\"98\";}',1343683354),('12dfd2e920600ef5ef4ff46182854b39','2011-07-31 21:22:35','a:2:{s:13:\"sessionLength\";s:4:\"long\";s:13:\"selected_post\";s:2:\"97\";}',1343683356),('b5912a815f260c69919148ec7b6ca1ec','2011-07-31 21:22:38','a:2:{s:13:\"sessionLength\";s:4:\"long\";s:13:\"selected_post\";s:2:\"96\";}',1343683358),('50eeded197a1dfd6750e5b634168f6ac','2011-07-31 21:22:40','a:2:{s:13:\"sessionLength\";s:4:\"long\";s:13:\"selected_post\";s:2:\"95\";}',1343683361),('23fc2cd6497dfb8a7cea672e57afd9e8','2011-07-31 21:22:42','a:2:{s:13:\"sessionLength\";s:4:\"long\";s:13:\"selected_post\";s:2:\"94\";}',1343683363),('d320a97277907b557d43ba03f0f930d0','2011-07-31 21:22:43','a:2:{s:13:\"sessionLength\";s:4:\"long\";s:13:\"selected_post\";s:2:\"93\";}',1343683364),('674dbfd6c1a66c59000209653a3808ef','2011-07-31 21:22:47','a:2:{s:13:\"sessionLength\";s:4:\"long\";s:13:\"selected_post\";s:2:\"92\";}',1343683368),('e52ca535e05d949625ad2e3911559b56','2011-07-31 21:22:48','a:2:{s:13:\"sessionLength\";s:4:\"long\";s:13:\"selected_post\";s:2:\"90\";}',1343683369),('9d2fd270cef9981fa56b91b877cd8fe1','2011-07-31 21:22:52','a:2:{s:13:\"sessionLength\";s:4:\"long\";s:13:\"selected_post\";s:2:\"89\";}',1343683372),('878d3d77dd6356828197a18a98c949c7','2011-07-31 21:22:54','a:2:{s:13:\"sessionLength\";s:4:\"long\";s:13:\"selected_post\";s:2:\"84\";}',1343683375),('637746a3575322b534f27ac5026579bb','2011-07-31 21:22:57','a:2:{s:13:\"sessionLength\";s:4:\"long\";s:13:\"selected_post\";s:2:\"83\";}',1343683377),('56f8f4088971a8f17360189d149fa9cf','2011-07-31 21:23:01','a:2:{s:13:\"sessionLength\";s:4:\"long\";s:13:\"selected_post\";s:2:\"80\";}',1343683382),('d2d78422f3f201bd7e428a425c8b0f90','2011-07-31 21:23:03','a:2:{s:13:\"sessionLength\";s:4:\"long\";s:13:\"selected_post\";s:2:\"79\";}',1343683384),('8ff67c1ff04f8b1d4bd85303cfa186c2','2011-07-31 21:23:06','a:2:{s:13:\"sessionLength\";s:4:\"long\";s:13:\"selected_post\";s:2:\"78\";}',1343683386),('611af085b115e26dd3cf29aef6ab8b09','2011-07-31 21:23:07','a:2:{s:13:\"sessionLength\";s:4:\"long\";s:13:\"selected_post\";s:2:\"77\";}',1343683387),('4f5723eed2a2e4235cf5b6a1e54b4b28','2011-07-31 21:23:11','a:2:{s:13:\"sessionLength\";s:4:\"long\";s:13:\"selected_post\";s:2:\"76\";}',1343683391),('308f9183644ff705dbdfd81e34f93391','2011-07-31 21:23:13','a:2:{s:13:\"sessionLength\";s:4:\"long\";s:13:\"selected_post\";s:2:\"74\";}',1343683393),('2a7e98a3d41cc93d67c5bb5f0342a056','2011-07-31 21:23:15','a:2:{s:13:\"sessionLength\";s:4:\"long\";s:13:\"selected_post\";s:2:\"72\";}',1343683395),('d23c69c7dc259a5449f7f5b1e8ac0d2c','2011-07-31 21:23:45','a:1:{s:13:\"sessionLength\";s:4:\"long\";}',1343683426),('8eed4cbe1db968c9727a24bc802a015d','2011-07-31 21:53:21','a:1:{s:13:\"sessionLength\";s:4:\"long\";}',1343685201),('3b9e2119dd2c7e68b67f54495fb21d7e','2011-08-01 21:47:24','a:7:{s:13:\"sessionLength\";s:4:\"long\";s:8:\"userName\";s:5:\"admin\";s:12:\"userPassword\";s:32:\"0e275a2b9d6ff3d2ad542670415ccca0\";s:6:\"userID\";s:1:\"1\";s:9:\"IPAddress\";s:11:\"92.30.8.210\";s:9:\"logintime\";d:1312147853.4771320819854736328125;s:5:\"human\";b:1;}',1343771244),('48a76bb929f301d11a52c1232bc0f30e','2011-07-31 21:31:29','a:1:{s:13:\"sessionLength\";s:4:\"long\";}',1343683889),('eccbf1888a8d336a00db69f6b921d7fa','2011-07-31 21:32:31','a:1:{s:13:\"sessionLength\";s:4:\"long\";}',1343683951),('17387ba3b532dca195cd2e0b796c6d1b','2011-07-31 23:35:32','a:1:{s:13:\"sessionLength\";s:4:\"long\";}',1343691332),('32e8a167716b3b54c832116cb8e40350','2011-07-31 21:47:58','a:2:{s:13:\"sessionLength\";s:4:\"long\";s:13:\"selected_post\";s:3:\"113\";}',1343684878),('4bfc12f0852bb42cacd9d4ba094c46de','2011-07-31 21:47:58','a:2:{s:13:\"sessionLength\";s:4:\"long\";s:13:\"selected_post\";s:3:\"113\";}',1343684878),('fba525543b9709a9b78b422976aee8bf','2011-07-31 21:47:58','a:2:{s:13:\"sessionLength\";s:4:\"long\";s:13:\"selected_post\";s:3:\"113\";}',1343684878),('12e042e1409cf371fb0919ec48a3bb8f','2011-07-31 21:47:58','a:1:{s:13:\"sessionLength\";s:4:\"long\";}',1343684878),('64eb8c749bbac05ef37aa5a69413fc8c','2011-07-31 21:47:58','a:2:{s:13:\"sessionLength\";s:4:\"long\";s:13:\"selected_post\";s:3:\"113\";}',1343684878),('b095ec08e504837fe2b2549a9e243bc5','2011-07-31 21:47:58','a:1:{s:13:\"sessionLength\";s:4:\"long\";}',1343684878),('e1725b4fd52cc5eb7602dbb0c8ef3071','2011-07-31 21:47:58','a:2:{s:13:\"sessionLength\";s:4:\"long\";s:13:\"selected_post\";s:3:\"113\";}',1343684879),('79b04d98d609e19d72c56e6c05ae4be0','2011-07-31 21:48:04','a:2:{s:13:\"sessionLength\";s:4:\"long\";s:13:\"selected_post\";s:3:\"113\";}',1343684885),('d384b6f18173ff9db746873633fa916e','2011-07-31 21:48:33','a:2:{s:13:\"sessionLength\";s:4:\"long\";s:13:\"selected_post\";s:3:\"113\";}',1343684914),('75c77418b903e6bbddc0e61125602096','2011-07-31 21:48:42','a:2:{s:13:\"sessionLength\";s:4:\"long\";s:13:\"selected_post\";s:3:\"113\";}',1343684922),('4316a4885871e75ea605fd7e8f2440b5','2011-07-31 21:49:07','a:2:{s:13:\"sessionLength\";s:4:\"long\";s:13:\"selected_post\";s:3:\"113\";}',1343684948),('fa2c5163c8c5eabcc1e6880eff1121f1','2011-07-31 21:49:38','a:2:{s:13:\"sessionLength\";s:4:\"long\";s:13:\"selected_post\";s:3:\"113\";}',1343684979),('e2dec777445bcad46abe1b9303358415','2011-07-31 21:49:39','a:1:{s:13:\"sessionLength\";s:4:\"long\";}',1343684980),('9eb2995c4089732b600c59432a2a6014','2011-07-31 21:50:57','a:2:{s:13:\"sessionLength\";s:4:\"long\";s:13:\"selected_post\";s:3:\"113\";}',1343685058),('d1f536ba4677d9f164d09fbcc5e0e28f','2011-07-31 21:51:01','a:1:{s:13:\"sessionLength\";s:4:\"long\";}',1343685062),('ff266b35167a469e0b41da9210a3aabd','2011-07-31 21:51:38','a:1:{s:13:\"sessionLength\";s:4:\"long\";}',1343685099),('e05f15bca3b29188f17062bb616c348a','2011-07-31 21:52:19','a:2:{s:13:\"sessionLength\";s:4:\"long\";s:13:\"selected_post\";s:3:\"113\";}',1343685139),('41559faa323e3913ea0ab3b3f140e7e8','2011-07-31 21:52:19','a:1:{s:13:\"sessionLength\";s:4:\"long\";}',1343685139),('f788db413921fca83c94523e8fc3ea48','2011-07-31 21:57:31','a:2:{s:13:\"sessionLength\";s:4:\"long\";s:13:\"selected_post\";s:3:\"113\";}',1343685452),('864dec54fd32f5d85285b2a499599d77','2011-07-31 21:57:52','a:2:{s:13:\"sessionLength\";s:4:\"long\";s:13:\"selected_post\";s:3:\"113\";}',1343685473),('f2e913ec57eefe5eead4a553430f55f9','2011-07-31 21:57:52','a:1:{s:13:\"sessionLength\";s:4:\"long\";}',1343685473),('3668b0441f342bcd4d38fed492542362','2011-07-31 22:06:01','a:2:{s:13:\"sessionLength\";s:4:\"long\";s:13:\"selected_post\";s:3:\"113\";}',1343685962),('cd3ec3e76f57d9af5a3975bcf1e7836a','2011-07-31 22:10:08','a:2:{s:13:\"sessionLength\";s:4:\"long\";s:13:\"selected_post\";s:3:\"113\";}',1343686208),('ba3bac2f4bc5d1a63f81dd2727b424e9','2011-07-31 22:10:09','a:2:{s:13:\"sessionLength\";s:4:\"long\";s:13:\"selected_post\";s:2:\"39\";}',1343686210),('0814c6074651756fc2499265f194d00b','2011-07-31 22:10:11','a:2:{s:13:\"sessionLength\";s:4:\"long\";s:13:\"selected_post\";s:2:\"44\";}',1343686211),('22b916d2ce1c49d72797c31eeef0aaf4','2011-07-31 22:10:18','a:2:{s:13:\"sessionLength\";s:4:\"long\";s:13:\"selected_post\";s:2:\"41\";}',1343686219),('f499bf0d1213f24dc95e4200ed3b551d','2011-07-31 22:10:19','a:2:{s:13:\"sessionLength\";s:4:\"long\";s:13:\"selected_post\";s:2:\"40\";}',1343686219),('dd89c00f7dd099d75240f81b92dced29','2011-07-31 22:12:12','a:2:{s:13:\"sessionLength\";s:4:\"long\";s:13:\"selected_post\";s:3:\"114\";}',1343686332),('c863a9d4b1c4d5f981125c3ec2d2398a','2011-07-31 22:14:54','a:2:{s:13:\"sessionLength\";s:4:\"long\";s:13:\"selected_post\";s:3:\"113\";}',1343686495),('312767fd878323f33a4f63182f2f39ff','2011-07-31 22:14:55','a:1:{s:13:\"sessionLength\";s:4:\"long\";}',1343686495),('57e17053e35e04b3445f9914206d1f11','2011-07-31 22:15:00','a:1:{s:13:\"sessionLength\";s:4:\"long\";}',1343686500),('06458613201d0f7527dbc2d0b66e2124','2011-07-31 22:26:18','a:2:{s:13:\"sessionLength\";s:4:\"long\";s:13:\"selected_post\";s:3:\"113\";}',1343687179),('beb3c5e3cde746feb8c9479eede6e407','2011-07-31 22:42:06','a:2:{s:13:\"sessionLength\";s:4:\"long\";s:13:\"selected_post\";s:3:\"113\";}',1343688127),('ea5e48221a3516f9aba790979c3b1d6a','2011-07-31 22:42:06','a:1:{s:13:\"sessionLength\";s:4:\"long\";}',1343688127),('b731105aa85a5692014772cc83771eb2','2011-07-31 22:47:33','a:1:{s:13:\"sessionLength\";s:4:\"long\";}',1343688453),('4374252b51e7947503abaa0021063f52','2011-07-31 22:53:26','a:1:{s:13:\"sessionLength\";s:4:\"long\";}',1343688807),('749609fc81bfc0c1a14cf37433b64436','2011-07-31 22:53:26','a:1:{s:13:\"sessionLength\";s:4:\"long\";}',1343688807),('8f527e7344f3a0eb48bc8a64d006b40c','2011-07-31 22:53:55','a:1:{s:13:\"sessionLength\";s:4:\"long\";}',1343688836),('1c0e6b72d86f6459ee11f61532e2d9c2','2011-07-31 22:53:55','a:1:{s:13:\"sessionLength\";s:4:\"long\";}',1343688836),('3d0a7425aed151272b17b390cc3613b5','2011-07-31 22:53:56','a:1:{s:13:\"sessionLength\";s:4:\"long\";}',1343688836),('868d63c7e0f849a8aaa6722ecfd0dc03','2011-07-31 22:53:56','a:1:{s:13:\"sessionLength\";s:4:\"long\";}',1343688836),('742c36dce191b035debcfdc008927e68','2011-07-31 22:53:56','a:1:{s:13:\"sessionLength\";s:4:\"long\";}',1343688836),('d3484074578d0d44f1ece32ba7cf34ee','2011-07-31 22:53:57','a:1:{s:13:\"sessionLength\";s:4:\"long\";}',1343688837),('7ea9596436bd60902aefb1857fedf2dd','2011-07-31 22:53:57','a:1:{s:13:\"sessionLength\";s:4:\"long\";}',1343688838),('40a5050dad9a895cadbe30edfd346668','2011-07-31 22:54:09','a:1:{s:13:\"sessionLength\";s:4:\"long\";}',1343688850),('541eb594cc299aea53958801f0849703','2011-07-31 22:54:27','a:1:{s:13:\"sessionLength\";s:4:\"long\";}',1343688868),('77cbc0a70c977fa2339fe7ecf9e2850a','2011-07-31 22:54:28','a:1:{s:13:\"sessionLength\";s:4:\"long\";}',1343688868),('131d8c0d6ee58fb5d8197ca6542c5e7e','2011-07-31 22:55:44','a:1:{s:13:\"sessionLength\";s:4:\"long\";}',1343688945),('739ac20d10729f6e9b1a15adb5b1f7e9','2011-07-31 22:56:31','a:1:{s:13:\"sessionLength\";s:4:\"long\";}',1343688992),('ac80a8e27c2ceb8b8608a3aac2aefdfe','2011-07-31 22:56:50','a:1:{s:13:\"sessionLength\";s:4:\"long\";}',1343689010),('f1979a6632bff08454df24852ca234d6','2011-07-31 22:56:50','a:1:{s:13:\"sessionLength\";s:4:\"long\";}',1343689010),('571af7006bc7e0f1f373c665693a0cda','2011-07-31 22:56:50','a:1:{s:13:\"sessionLength\";s:4:\"long\";}',1343689011),('c1211e0fe6b2e488be4cd76702ec4ea7','2011-07-31 22:56:50','a:1:{s:13:\"sessionLength\";s:4:\"long\";}',1343689011),('408ed5e9e3f79d8ba714246acfcc91ea','2011-07-31 22:57:01','a:1:{s:13:\"sessionLength\";s:4:\"long\";}',1343689022),('a24477a6f5d942293a0fa8477f1bc622','2011-07-31 22:57:31','a:1:{s:13:\"sessionLength\";s:4:\"long\";}',1343689051),('5a40aed60450e885408e952a4e1de64d','2011-07-31 23:06:32','a:1:{s:13:\"sessionLength\";s:4:\"long\";}',1343689592),('38e9eadb515fdcf40f942f4291e8b81c','2011-07-31 22:58:39','a:1:{s:13:\"sessionLength\";s:4:\"long\";}',1343689120),('067e4e75b26c40aed8d006c8a28e5eb7','2011-07-31 23:00:02','a:1:{s:13:\"sessionLength\";s:4:\"long\";}',1343689202),('767380b2333f566d43195cf703130bbf','2011-07-31 23:02:14','a:1:{s:13:\"sessionLength\";s:4:\"long\";}',1343689335),('3ca9ee9e03bb4718f1b47895fda4c05b','2011-07-31 23:02:53','a:2:{s:13:\"sessionLength\";s:4:\"long\";s:13:\"selected_post\";s:3:\"116\";}',1343689373),('3027e8bd1e721f84db59d75a13cf475e','2011-07-31 23:02:59','a:2:{s:13:\"sessionLength\";s:4:\"long\";s:13:\"selected_post\";s:3:\"115\";}',1343689379),('24f905dabf655665c3cbb48637949ac8','2011-07-31 23:03:03','a:1:{s:13:\"sessionLength\";s:4:\"long\";}',1343689384),('4f5c474dda8b7262e3ee799bdc4b2f49','2011-07-31 23:03:10','a:1:{s:13:\"sessionLength\";s:4:\"long\";}',1343689390),('6d54fcfada6452d4638645aea9e82cb2','2011-07-31 23:03:10','a:1:{s:13:\"sessionLength\";s:4:\"long\";}',1343689390),('2ae0967a41f2ca740b5571bca610f57f','2011-07-31 23:03:10','a:1:{s:13:\"sessionLength\";s:4:\"long\";}',1343689391),('ecbabb6507494ed5efc0cfe66a21cb29','2011-07-31 23:03:10','a:1:{s:13:\"sessionLength\";s:4:\"long\";}',1343689391),('2b6c30e71f89388c604da48b63079e09','2011-07-31 23:03:21','a:1:{s:13:\"sessionLength\";s:4:\"long\";}',1343689401),('31880f229a66a0d4f743a82362fead60','2011-07-31 23:03:45','a:1:{s:13:\"sessionLength\";s:4:\"long\";}',1343689425),('032f161b149f38ed6b1e24f8169cde2d','2011-07-31 23:04:42','a:1:{s:13:\"sessionLength\";s:4:\"long\";}',1343689482),('f22569199f6e65027b725d30d5968629','2011-07-31 23:05:38','a:1:{s:13:\"sessionLength\";s:4:\"long\";}',1343689538),('72d5e5bc34ff5ebcaba0ea7f1834e2fb','2011-07-31 23:05:40','a:1:{s:13:\"sessionLength\";s:4:\"long\";}',1343689541),('cff4c8bc6de9f8f5f6a74c06f85dbbfb','2011-07-31 23:16:20','a:2:{s:13:\"sessionLength\";s:4:\"long\";s:13:\"selected_post\";s:3:\"113\";}',1343690180),('213cfdf5cd2f12fe0f7c030cb32627d6','2011-07-31 23:16:20','a:1:{s:13:\"sessionLength\";s:4:\"long\";}',1343690181),('8b3913e4f534f76a53edf8ff601a3e15','2011-07-31 23:18:46','a:2:{s:13:\"sessionLength\";s:4:\"long\";s:13:\"selected_post\";s:3:\"126\";}',1343690327),('3fd070339196f17e253eadb8cf6a9f58','2011-07-31 23:18:51','a:2:{s:13:\"sessionLength\";s:4:\"long\";s:13:\"selected_post\";s:3:\"125\";}',1343690332),('d2dde80c148d598bc308c0a80981521a','2011-07-31 23:18:52','a:2:{s:13:\"sessionLength\";s:4:\"long\";s:13:\"selected_post\";s:3:\"124\";}',1343690332),('c9920ec314290466a8a5817d5514903d','2011-07-31 23:18:53','a:2:{s:13:\"sessionLength\";s:4:\"long\";s:13:\"selected_post\";s:3:\"123\";}',1343690334),('a9c7b947abcb80f71c0c0511e15cd3dd','2011-07-31 23:18:55','a:2:{s:13:\"sessionLength\";s:4:\"long\";s:13:\"selected_post\";s:3:\"122\";}',1343690335),('dfcfdc7fe4709a5a42c8bdee5612af5e','2011-07-31 23:18:58','a:2:{s:13:\"sessionLength\";s:4:\"long\";s:13:\"selected_post\";s:3:\"121\";}',1343690338),('cdaccc8545937db250c68958c44a66d0','2011-07-31 23:18:58','a:2:{s:13:\"sessionLength\";s:4:\"long\";s:13:\"selected_post\";s:3:\"120\";}',1343690339),('ccfd92ceae1df2861dd9c8449ecbee2a','2011-07-31 23:18:59','a:2:{s:13:\"sessionLength\";s:4:\"long\";s:13:\"selected_post\";s:3:\"118\";}',1343690340),('55617b6cbd8e77ccdb2071f4a1719564','2011-07-31 23:19:02','a:2:{s:13:\"sessionLength\";s:4:\"long\";s:13:\"selected_post\";s:3:\"117\";}',1343690342),('65b8ea93ef2e41c8a38a8f98c1563697','2011-07-31 23:25:10','a:1:{s:13:\"sessionLength\";s:4:\"long\";}',1343690711),('d3b97f8527308ed345fcea5f2ca4db9a','2011-07-31 23:25:22','a:1:{s:13:\"sessionLength\";s:4:\"long\";}',1343690723),('2b946a85bf551b9dc578afbebf1b4e59','2011-07-31 23:27:37','a:1:{s:13:\"sessionLength\";s:4:\"long\";}',1343690858),('8cfb5bad76138e7a82aa5b4cffcbb0d6','2011-07-31 23:27:38','a:1:{s:13:\"sessionLength\";s:4:\"long\";}',1343690858),('b865f5fcc729309b4eee0dc042df374a','2011-07-31 23:30:30','a:1:{s:13:\"sessionLength\";s:4:\"long\";}',1343691031),('a03d7185aead1e9462340c5cb9c3fbc8','2011-08-01 21:26:08','a:1:{s:13:\"sessionLength\";s:4:\"long\";}',1343769968),('8512f171eeabfdc6bdb67a0d8733c3ba','2011-07-31 23:37:14','a:2:{s:13:\"sessionLength\";s:4:\"long\";s:13:\"selected_post\";s:3:\"129\";}',1343691435),('42ff1d1f6a76f1f64bc230512cbd9a6a','2011-07-31 23:39:58','a:1:{s:13:\"sessionLength\";s:4:\"long\";}',1343691598),('28b7eeb27f1be40699bd3d71baf12d87','2011-07-31 23:57:15','a:1:{s:13:\"sessionLength\";s:4:\"long\";}',1343692635),('ecef4c827e3e6454642204c2b169c085','2011-08-01 00:26:32','a:1:{s:13:\"sessionLength\";s:4:\"long\";}',1343694393),('8cb56aa33e1f93310427b40b692c7b7d','2011-08-01 05:14:31','a:1:{s:13:\"sessionLength\";s:4:\"long\";}',1343711672),('9d3b978a46a22b16fac95cc94ae41729','2011-08-01 05:49:27','a:2:{s:13:\"sessionLength\";s:4:\"long\";s:13:\"selected_post\";s:3:\"113\";}',1343713768),('66d115bd6d72651b861f5ad8edb14dc8','2011-08-01 05:53:49','a:1:{s:13:\"sessionLength\";s:4:\"long\";}',1343714030),('576f2f7ab236310a94bd51afdc24d5cb','2011-08-01 07:58:56','a:1:{s:13:\"sessionLength\";s:4:\"long\";}',1343721536),('0bfde62ee46b3b85405bd350491dd0ef','2011-08-01 08:05:25','a:1:{s:13:\"sessionLength\";s:4:\"long\";}',1343721925),('789cb0bffe6ca1c7d188b395065151c7','2011-08-01 08:05:25','a:1:{s:13:\"sessionLength\";s:4:\"long\";}',1343721926),('c240bad2b5708cf8a0d218130601c198','2011-08-01 08:15:45','a:1:{s:13:\"sessionLength\";s:4:\"long\";}',1343722545),('9cdea989bd845ed9d93d4e3bf2c17e40','2011-08-01 08:38:39','a:2:{s:13:\"sessionLength\";s:4:\"long\";s:13:\"selected_post\";s:2:\"38\";}',1343723920),('ff8e4ac1129e8249b4a4315ee72f55ac','2011-08-01 08:38:40','a:1:{s:13:\"sessionLength\";s:4:\"long\";}',1343723921),('7aee3bfd1cfd0141b3bb5582f0cca562','2011-08-01 08:38:40','a:1:{s:13:\"sessionLength\";s:4:\"long\";}',1343723921),('df8cf0732cb51f9c7d6f91777e2b8e40','2011-08-01 08:54:43','a:1:{s:13:\"sessionLength\";s:4:\"long\";}',1343724883),('a264a04fe7e2082eb6b4c4cf3d710d42','2011-08-01 09:25:30','a:2:{s:13:\"sessionLength\";s:4:\"long\";s:13:\"selected_post\";s:2:\"79\";}',1343726731),('637ac2f53d87541c60496e1558e07747','2011-08-01 09:25:30','a:2:{s:13:\"sessionLength\";s:4:\"long\";s:13:\"selected_post\";s:2:\"66\";}',1343726731),('3d69bd75df80b1ce705b744db6d8da1a','2011-08-01 11:00:52','a:1:{s:13:\"sessionLength\";s:4:\"long\";}',1343732453),('e829bb71fecdfa4350b7843ca0ac65a0','2011-08-01 11:32:11','a:1:{s:13:\"sessionLength\";s:4:\"long\";}',1343734331),('ac6f4aa981804e726f58ca9d3a700be9','2011-08-01 11:37:54','a:2:{s:13:\"sessionLength\";s:4:\"long\";s:13:\"selected_post\";s:3:\"129\";}',1343734675),('698b1b2137134849f6231e154921805b','2011-08-01 11:36:16','a:1:{s:13:\"sessionLength\";s:4:\"long\";}',1343734576),('db7e8b50e2ecd53e0c7b79ca16834994','2011-08-01 11:36:55','a:1:{s:13:\"sessionLength\";s:4:\"long\";}',1343734616),('ce2a3cd757c7b63a71a5dd5dcfe423ba','2011-08-01 11:37:16','a:1:{s:13:\"sessionLength\";s:4:\"long\";}',1343734636),('c47444a403a33c4b8d39e190fe98b7b4','2011-08-01 12:02:24','a:1:{s:13:\"sessionLength\";s:4:\"long\";}',1343736144),('0289ea76b5965b3eef4def82d2d803ef','2011-08-01 12:26:24','a:2:{s:13:\"sessionLength\";s:4:\"long\";s:13:\"selected_post\";s:3:\"113\";}',1343737584),('a43b88a6a4d7891f2278f1731844e7dd','2011-08-01 13:19:12','a:1:{s:13:\"sessionLength\";s:4:\"long\";}',1343740753),('777b7d19e5cd9ca2aa33e0edf253ab93','2011-08-01 12:32:12','a:1:{s:13:\"sessionLength\";s:4:\"long\";}',1343737933),('d8138aae58e756946721305ada067005','2011-08-01 15:12:10','a:2:{s:13:\"sessionLength\";s:4:\"long\";s:13:\"selected_post\";s:2:\"72\";}',1343747531),('70ba33dce743f38342a10476b790a6c0','2011-08-01 16:25:28','a:2:{s:13:\"sessionLength\";s:4:\"long\";s:13:\"selected_post\";s:2:\"94\";}',1343751929),('0e5a7a90bc5aa1ede4d11ba99350e203','2011-08-01 21:36:28','a:2:{s:13:\"sessionLength\";s:4:\"long\";s:13:\"selected_post\";s:3:\"132\";}',1343770589),('7569a2e55f7961c4bd49182d37b1d2f2','2011-08-01 21:36:34','a:2:{s:13:\"sessionLength\";s:4:\"long\";s:13:\"selected_post\";s:3:\"131\";}',1343770595),('51cbec64e3c92272e6e98a1ab03002e7','2011-08-01 21:36:48','a:2:{s:13:\"sessionLength\";s:4:\"long\";s:13:\"selected_post\";s:3:\"128\";}',1343770608),('a4e61e140762e12ef67490c7c91e9969','2011-08-01 21:38:59','a:2:{s:13:\"sessionLength\";s:4:\"long\";s:13:\"selected_post\";s:2:\"38\";}',1343770739);
/*!40000 ALTER TABLE `tblSessions` ENABLE KEYS */;
UNLOCK TABLES;

--
-- Table structure for table `tblTags`
--

DROP TABLE IF EXISTS `tblTags`;
SET @saved_cs_client     = @@character_set_client;
SET character_set_client = utf8;
CREATE TABLE `tblTags` (
  `id` int(10) NOT NULL auto_increment,
  `value` text,
  `date_created` timestamp NOT NULL default CURRENT_TIMESTAMP on update CURRENT_TIMESTAMP,
  PRIMARY KEY  (`id`)
) ENGINE=MyISAM AUTO_INCREMENT=253 DEFAULT CHARSET=latin1;
SET character_set_client = @saved_cs_client;

--
-- Dumping data for table `tblTags`
--

LOCK TABLES `tblTags` WRITE;
/*!40000 ALTER TABLE `tblTags` DISABLE KEYS */;
INSERT INTO `tblTags` VALUES (181,'foo','2011-07-29 15:47:28'),(182,'bar','2011-07-29 15:47:28'),(183,'lard','2011-07-29 15:47:28'),(184,'fish','2011-07-29 15:47:28'),(185,'philosophical','2011-07-29 16:11:52'),(186,'positive','2011-07-29 16:11:52'),(187,'comfort','2011-07-29 16:12:28'),(188,'bed','2011-07-29 16:12:28'),(189,'bed,positive,love','2011-07-31 16:07:45'),(190,'positive,statement,philosophical','2011-07-31 16:07:45'),(191,'positive,item,animal,photo','2011-07-31 16:07:45'),(192,'positive,statement','2011-07-31 16:07:45'),(193,'animal,photo','2011-07-31 16:07:45'),(194,'food','2011-07-31 16:07:45'),(195,'motion,weather,sleep','2011-07-31 16:07:45'),(196,'bed,clean,motion,sleep','2011-07-31 16:07:45'),(197,'person','2011-07-31 16:07:45'),(198,'food,link','2011-07-31 16:07:45'),(199,'drink,motion,positive','2011-07-31 16:07:45'),(200,'animal','2011-07-31 16:07:45'),(201,'plant,item','2011-07-31 16:07:45'),(202,'link,photo','2011-07-31 16:07:45'),(203,'photo,women','2011-07-31 16:07:45'),(204,'positive,statement,comparison','2011-07-31 16:07:45'),(205,'positive,memory,food','2011-07-31 16:07:45'),(206,'philosophical,statement','2011-07-31 16:07:45'),(207,'positive,memory','2011-07-31 16:07:45'),(208,'music','2011-07-31 16:07:45'),(209,'animal,joke','2011-07-31 16:07:45'),(210,'baby,photo','2011-07-31 16:07:45'),(211,'place,holiday,','2011-07-31 16:11:52'),(212,'food,photo','2011-07-31 16:11:52'),(213,'drink,love','2011-07-31 16:11:52'),(214,'weather,outdoors','2011-07-31 16:11:52'),(215,'positive,love','2011-07-31 16:11:52'),(216,'baby','2011-07-31 16:18:34'),(217,'photo','2011-07-31 16:18:34'),(218,'place','2011-07-31 16:20:45'),(219,'holiday','2011-07-31 16:20:45'),(220,'drink','2011-07-31 16:20:45'),(221,'love','2011-07-31 16:20:45'),(222,'weather','2011-07-31 16:20:45'),(223,'outdoors','2011-07-31 16:20:45'),(224,'statement','2011-07-31 16:20:45'),(225,'item','2011-07-31 16:20:45'),(226,'link','2011-07-31 16:20:45'),(227,'motion','2011-07-31 16:20:45'),(228,'plant','2011-07-31 16:20:45'),(229,'women','2011-07-31 16:20:45'),(230,'comparison','2011-07-31 16:20:45'),(231,'memory','2011-07-31 16:20:45'),(232,'joke','2011-07-31 16:20:45'),(233,'bad','2011-07-31 16:26:50'),(234,'camping','2011-07-31 16:26:50'),(235,'emotion','2011-07-31 16:26:50'),(236,'child','2011-07-31 16:26:50'),(237,'family','2011-07-31 16:26:50'),(238,'art','2011-07-31 16:26:50'),(239,'communication','2011-07-31 16:26:50'),(240,'friend','2011-07-31 16:26:50'),(241,'sleep','2011-07-31 18:12:00'),(242,'clean','2011-07-31 18:12:00'),(243,'alcohol','2011-07-31 23:01:52'),(244,'entertainment','2011-07-31 23:14:16'),(245,'clothing','2011-07-31 23:14:16'),(246,'senses','2011-07-31 23:18:08'),(247,'chocolate','2011-08-01 17:37:13'),(248,'dancing','2011-08-01 17:37:13'),(249,'friends','2011-08-01 17:37:13'),(250,'film','2011-08-01 17:37:13'),(251,'clothes','2011-08-01 17:37:13'),(252,'beach','2011-08-01 17:37:13');
/*!40000 ALTER TABLE `tblTags` ENABLE KEYS */;
UNLOCK TABLES;

--
-- Table structure for table `tblUploads`
--

DROP TABLE IF EXISTS `tblUploads`;
SET @saved_cs_client     = @@character_set_client;
SET character_set_client = utf8;
CREATE TABLE `tblUploads` (
  `id` int(10) NOT NULL auto_increment,
  `name` text,
  `mime` text,
  `post_id` int(10) default NULL,
  `date_created` timestamp NOT NULL default CURRENT_TIMESTAMP on update CURRENT_TIMESTAMP,
  PRIMARY KEY  (`id`)
) ENGINE=MyISAM AUTO_INCREMENT=30 DEFAULT CHARSET=latin1;
SET character_set_client = @saved_cs_client;

--
-- Dumping data for table `tblUploads`
--

LOCK TABLES `tblUploads` WRITE;
/*!40000 ALTER TABLE `tblUploads` DISABLE KEYS */;
INSERT INTO `tblUploads` VALUES (21,'4f440423440b18948121e98f3239b682.jpg','image/jpeg',70,'2011-07-25 18:40:12'),(18,'c7c1c088a8271bc6bbbe10ad91d9bdd8.jpg','image/jpeg',38,'2011-07-24 23:26:17'),(19,'212dde805b85e73a3e5c99a7adb84ada.jpeg','image/jpeg',56,'2011-07-25 09:23:19'),(20,'7227dab2dbfbd422bc6f4154b16e05f4.jpg','image/jpeg',58,'2011-07-25 09:41:00'),(22,'102e3fb2d10d2d8a5d66b798791dc2c6.jpg','image/jpeg',72,'2011-07-25 19:40:47'),(23,'30547b2c6dc91af1a836b71a541495b8.png','image/png',82,'2011-07-26 22:11:24'),(24,'2b39bf98630c27d7c107c98de18fb01f.png','image/png',83,'2011-07-26 22:17:35'),(25,'7b56ac46ca6985e6273ff9351ce365ed.png','image/png',94,'2011-07-27 23:43:08'),(26,'08e5a9b14a315bb2c1879d46c0bfd714.jpg','image/jpeg',100,'2011-07-28 22:25:17'),(27,'e33224fa3edd9426c4265c58083999fb.jpg','image/jpeg',114,'2011-07-31 21:52:48'),(28,'c03ebbb91af759b053a86ed2cceb1ca7.jpg','image/jpeg',129,'2011-07-31 23:30:41'),(29,'ab85b92a5252760b960663d3075d0478.jpg','image/jpeg',131,'2011-08-01 17:34:50');
/*!40000 ALTER TABLE `tblUploads` ENABLE KEYS */;
UNLOCK TABLES;

--
-- Table structure for table `tblUsers`
--

DROP TABLE IF EXISTS `tblUsers`;
SET @saved_cs_client     = @@character_set_client;
SET character_set_client = utf8;
CREATE TABLE `tblUsers` (
  `userID` int(10) unsigned NOT NULL auto_increment,
  `userName` varchar(255) NOT NULL,
  `userPassword` varchar(255) NOT NULL,
  `userFirstname` varchar(255) default NULL,
  `userLastname` varchar(255) default NULL,
  `userEmail` varchar(255) NOT NULL,
  `userDateRegistered` timestamp NOT NULL default CURRENT_TIMESTAMP on update CURRENT_TIMESTAMP,
  `userSecretAnswer` varchar(255) NOT NULL,
  PRIMARY KEY  (`userID`)
) ENGINE=MyISAM AUTO_INCREMENT=2 DEFAULT CHARSET=utf8;
SET character_set_client = @saved_cs_client;

--
-- Dumping data for table `tblUsers`
--

LOCK TABLES `tblUsers` WRITE;
/*!40000 ALTER TABLE `tblUsers` DISABLE KEYS */;
INSERT INTO `tblUsers` VALUES (1,'admin','0e275a2b9d6ff3d2ad542670415ccca0','Admin','','us@thinkofsomethingnice.com','2011-07-24 09:16:00','fajitas');
/*!40000 ALTER TABLE `tblUsers` ENABLE KEYS */;
UNLOCK TABLES;
/*!40103 SET TIME_ZONE=@OLD_TIME_ZONE */;

/*!40101 SET SQL_MODE=@OLD_SQL_MODE */;
/*!40014 SET FOREIGN_KEY_CHECKS=@OLD_FOREIGN_KEY_CHECKS */;
/*!40014 SET UNIQUE_CHECKS=@OLD_UNIQUE_CHECKS */;
/*!40101 SET CHARACTER_SET_CLIENT=@OLD_CHARACTER_SET_CLIENT */;
/*!40101 SET CHARACTER_SET_RESULTS=@OLD_CHARACTER_SET_RESULTS */;
/*!40101 SET COLLATION_CONNECTION=@OLD_COLLATION_CONNECTION */;
/*!40111 SET SQL_NOTES=@OLD_SQL_NOTES */;

-- Dump completed on 2011-08-01 22:15:36
